id,key,project_id,name,content,keyword,business_type,sub_business_type,function_type,rule,result,result_gpt4,score,category,contract_code,risklevel,similarity_with_rule,description,start_line,end_line,relative_file_path,absolute_file_path,recommendation,title,business_flow_code,business_flow_lines,business_flow_context,if_business_flow_scan
98395,b0755d7bcd252ba6bc1ec334fd5c5e54,tob,MyPool.swapInGivenOut,"function swapInGivenOut(bool isToken0, uint amountOut) public invariantCheck(){
        IERC20 tokenIn = isToken0?token0:token1;
        IERC20 tokenOut = isToken0?token1:token0;

        uint balanceIn = tokenIn.balanceOf(address(this));
        uint balanceOut = tokenOut.balanceOf(address(this));

        // We take 2% fee
        amountOut = amountOut * 98 / 100;
        uint amountIn = inGivenOut(balanceIn, balanceOut, amountOut);

        tokenOut.transfer(msg.sender, amountOut);
        tokenIn.transferFrom(msg.sender, address(this), amountIn);
    }",0.49490415092375994,"","","","","Upon a meticulous step-by-step reevaluation of the `inGivenOut` function and related logic in the contract:

1. **Formula Analysis**: The function `inGivenOut` computes `amountIn` using the formula:
   \[
   \text{division} = \frac{\text{balanceOut}}{\text{balanceOut} - \text{amountOut}}
   \]
   Considering the behavior when \(\text{balanceOut} - \text{amountOut}\) is either near zero or exact zero:
   - If \(\text{balanceOut} = \text{amountOut}\), then the denominator becomes zero, leading to a division by zero error.
   - If \(\text{balanceOut} - \text{amountOut}\) is very close to zero (but not zero), the division results in a very large number.

2. **Practical Impact**: Given that a large or infinite `division` variable influences the `factor`:
   \[
   \text{factor} = \text{division} - 1
   \]
   And subsequently, `amountIn` calculation:
   \[
   \text{amountIn} = \text{balanceIn} \times \text{factor}
   \]
   The computed `amountIn` can be extremely large (or max integer in cases of numerical overflows), resulting in excessive input token requirement for a minuscule additional output token amount from the liquidity pool.

3. **Manipulability by an Attacker**: 
   - An attacker can realistically call `swapInGivenOut` specifying `amountOut` that is slightly less than or equal to `balanceOut`, exploiting the potential failure to extensively validate this scenario.

4. **Liquidity Impact**: This exploit can drain the pool’s token reserves due to highly unfavorable trade ratios imposed on the contract, transferring undue amounts of the input token (`tokenIn`) compared to the relatively tiny amount of output token (`tokenOut`) released.

5. **Conclusion from Reanalyzed Logic**: 
   - The outlined problem is not limited to unrealistic or low-probability scenarios. An attacker with sufficient token holdings can strategically leverage this vulnerability to manipulate pool balances, thereby inflicting financial damage.

Given the aforementioned points and robust analysis, we report:

```json
{""result"": ""high possibility""}
```
### Description of the Vulnerability:

The vulnerability in the `inGivenOut` function results from an incorrect implementation of the formula that calculates the amount of token input (`amountIn`) required for a given amount of token output (`amountOut`). The formula in this implementation doesn't correctly handle the computation when `balanceOut` is very close to `amountOut`, potentially allowing a division by zero, or a division by a very small number resulting in an extraordinarily high number for the `amountIn`.

### Step-by-step Exploitation:

1. **Initial Setup:** Let's assume an attacker wants to exploit the swap function with tokens `token0` and `token1`. The contract has balances of `token0` (balanceIn) and `token1` (balanceOut).

2. **Choosing the Token Amounts:**
   - The attacker can manipulate the parameters by choosing `amountOut` such that it is almost equal to `balanceOut`.
   - If balanceOut = 1000 and the attacker chooses amountOut = 999 (after fee adjustment this still remains close).

3. **Executing the Trade:**
   - The attacker calls `swapInGivenOut` with `isToken0 = true` for `token0` to `token1`, and `amountOut` just slightly less than `balanceOut`.
   - Inside the function, due to the fee adjustment, `amountOut` receives a small deduction (2%), but for the sake of explanation, let’s consider its impact minimal for simplicity at very small differences.
   - `swapInGivenOut` invokes `inGivenOut`, where the formula divides `balanceOut` by `(balanceOut - amountOut)`. 

4. **Division Anomaly:**
   - Given `balanceOut` is 1000 and `amountOut` is approximately 999, the calculation turns into `1000 / (1000 - 999)`, equating to `1000 / 1`. 
   - This division results in extremely high `division` value which in turn influences the `factor`, and eventually, the `amountIn` required would surprisingly be close to the balanceIn itself due to multiplication by a factor close to `balanceOut`.

5. **Results of the Exploit:**
   - The contract sends nearly all `token0` (equivalent to `balanceIn`) to receive an amount of `token1` which is just barely less than its own `balanceOut`. This trade is heavily skewed in favor of the attacker, receiving a disproportionately high value of `token1` compared to the market or any reasonable exchange rate.

6. **Post-Exploitation:**
   - The attacker may continue this approach in similar environments or other pools where `balanceOut` and `amountOut` are maladjusted, effectively draining the liquidity of one token type in favor of another.

### Conclusion:
The vital issue here stems from how division is performed in `inGivenOut` without considering cases where (`balanceOut - amountOut`) can lead to almost zero or very small numbers creating faulty computations in smart contract financial logic. Adjusting this computation to handle edge cases, or adding safeguards against close values between `balanceOut` and `amountOut` is crucial to prevent such exploitation.","这个漏洞来源于智能合约中 `inGivenOut` 函数的实现错误。这个函数负责计算给定输出代币数量 (`amountOut`) 所需的输入代币数量 (`amountIn`)。但是，当输出代币余额 (`balanceOut`) 接近所需输出数量 (`amountOut`) 时，该函数并未正确处理计算过程，进一步可能导致除零错误或者因除以一个非常小的数而得到异常高的 `amountIn` 值。

### 漏洞的具体表现和利用步骤：
1. **初始设置：** 假设一个攻击者想要利用这个函数和两种代币 `token0` 和 `token1`。合约持有 `token0`（输入代币余额）和 `token1`（输出代币余额）。

2. **选择代币数量：**
   - 攻击者通过选择 `amountOut` 接近 `balanceOut` 的值来操纵参数。
   - 如果 `balanceOut` = 1000，攻击者选择 `amountOut` = 999（扣除费用后这个值仍然接近）。

3. **执行交易：**
   - 攻击者调用 `swapInGivenOut`，将 `token0` 兑换为 `token1`，且 `amountOut` 略小于 `balanceOut`。
   - 在这个函数中因为手续费调整，`amountOut` 能得到小幅减少，但暂不考虑其影响。
   - `swapInGivenOut` 调用 `inGivenOut`，其中的公式通过 `balanceOut` 除以 (`balanceOut - amountOut`) 来计算。

4. **除法异常：**
   - 如果 `balanceOut` 为 1000，`amountOut` 约为 999，计算变为 `1000 / (1000 - 999)` 即 `1000 / 1`。
   - 这个除法得出的 `division` 值非常高，进而影响 `factor`，最终需要的 `amountIn` 会异常高，几乎相当于 `balanceIn` 的全部。

5. **利用后果：**
   - 合约几乎发送所有的 `token0` (相当于 `balanceIn`) 来换取量仅稍小于 `balanceOut` 的 `token1`。这种交易极大地偏向于攻击者，让他们得到与市场或任何合理汇率不成比例的高值 `token1`。

6. **利用后续：**
   - 攻击者可能在类似环境或其他池中继续采用此方法，其中 `balanceOut` 和 `amountOut` 的值设置不当，有效地排干一种代币的流动性，从而有利于另一种。

### 结论：
关键问题在于 `inGivenOut` 中进行除法的方式没有考虑到 (`balanceOut - amountOut`) 可能会导致接近零或非常小的数的情况，从而在智能合约的财务逻辑中造成错误的计算。调整这种计算以处理边缘情况或增加针对 `balanceOut` 和 `amountOut` 值接近的保护非常重要，以防止此类利用。","","The establishment of the vulnerability detailed above primarily concerns the logic within the provided contract itself, specifically the `inGivenOut` function's handling of division operations, which doesn't necessarily depend on the state or behavior of any other external contracts. The issue arises from the internal arithmetic calculations that are influenced solely by the parameters and state variables managed within the same contract (e.g., `balanceIn`, `balanceOut`, `amountOut`). The malfunction discussed does not rely on external calls or state changes from outside contracts to manifest.

Hence, the response is:

```json
{
  ""result"": ""dont need In-project other contract""
}
```","{

    IERC20 token0;
    IERC20 token1;

    // LP balance
    mapping(address => uint) balances0;
    mapping(address => uint) balances1;

    constructor(address t0, address t1){
        token0 = IERC20(t0);
        token1 = IERC20(t1);
    }

    // ******** USERS SWAP ******** //

    function inGivenOut(
        uint256 balanceIn,
        uint256 balanceOut,
        uint256 amountOut
    ) internal pure returns (uint256) {
        /**********************************************************************************
        // Derived from Balancer                                                         //
        // aO = amountOut                                                                //
        // bO = balanceOut                                                               //
        // bI = balanceIn              /  /            bO             \        \         //
        // aI = amountIn    aI = bI * |  | --------------------------  |   - 1  |        //
        //                             \  \       ( bO - aO )         /        /         //
        //                                                                               //
        **********************************************************************************/

        // We split the operations in three steps for readeability
        // Division, minus one, and multiplication

        //      /            bO             \                     //
        //     | --------------------------  |                    //
        //      \       ( bO - aO )         /                     //
        uint division = balanceOut / (balanceOut - amountOut);

        //  1 - [...]
        uint256 factor = division - ONE;

        // aI = bI * [...]
        return mul(balanceIn,  factor);
    }

    // Swap the asset
    function swapInGivenOut(bool isToken0, uint amountOut) public invariantCheck(){
        IERC20 tokenIn = isToken0?token0:token1;
        IERC20 tokenOut = isToken0?token1:token0;

        uint balanceIn = tokenIn.balanceOf(address(this));
        uint balanceOut = tokenOut.balanceOf(address(this));

        // We take 2% fee
        amountOut = amountOut * 98 / 100;
        uint amountIn = inGivenOut(balanceIn, balanceOut, amountOut);

        tokenOut.transfer(msg.sender, amountOut);
        tokenIn.transferFrom(msg.sender, address(this), amountIn);
    }

    // Ensure that the k = xy invariant hold
    // This will be disabled for production to save gas
    modifier invariantCheck(){
        uint balanceInBefore = token0.balanceOf(address(this));
        uint balanceOutBefore = token1.balanceOf(address(this));

        uint k_before = balanceInBefore * balanceOutBefore;

        _;

        uint balanceInAfter = token0.balanceOf(address(this));
        uint balanceOutAfter = token1.balanceOf(address(this));

        require(k_before == balanceInAfter * balanceOutAfter);
    }

    // ******** LIQUIDITY PROVIDERS ******** //

    // User can deposit their token0
    function deposit(uint amount) external nonReentrant {
        token0.transferFrom(msg.sender, address(this), amount);
        balances0[msg.sender] += amount;
    }

    // User can withdraw their token0 and token1
    // We follow the check effect interaction pattern
    function withdraw(uint amount0, uint amount1) external {
        balances0[msg.sender] -= amount0;
        balances1[msg.sender] -= amount1;
        token0.transfer(msg.sender, amount0);
        token1.transfer(msg.sender, amount1);
    }

    // User can withdraw all their token0 and token1
    // nonReentrant to protect from reentrancies
    function withdrawAll() external nonReentrant {
        token0.transfer(msg.sender, balances0[msg.sender]);
        token1.transfer(msg.sender, balances1[msg.sender]);
        balances0[msg.sender] = 0;
        balances1[msg.sender] = 0;
    }
}","","","",64,77,./src/dataset/agent-v1-c4/tob/Tob.sol,/Users/xuxiangy/Desktop/trickPrompt-engine/src/dataset/agent-v1-c4/tob/Tob.sol,"","","function swapInGivenOut(bool isToken0, uint amountOut) public invariantCheck(){
        IERC20 tokenIn = isToken0?token0:token1;
        IERC20 tokenOut = isToken0?token1:token0;

        uint balanceIn = tokenIn.balanceOf(address(this));
        uint balanceOut = tokenOut.balanceOf(address(this));

        // We take 2% fee
        amountOut = amountOut * 98 / 100;
        uint amountIn = inGivenOut(balanceIn, balanceOut, amountOut);

        tokenOut.transfer(msg.sender, amountOut);
        tokenIn.transferFrom(msg.sender, address(this), amountIn);
    }
function inGivenOut(
        uint256 balanceIn,
        uint256 balanceOut,
        uint256 amountOut
    ) internal pure returns (uint256) {
        /**********************************************************************************
        // Derived from Balancer                                                         //
        // aO = amountOut                                                                //
        // bO = balanceOut                                                               //
        // bI = balanceIn              /  /            bO             \        \         //
        // aI = amountIn    aI = bI * |  | --------------------------  |   - 1  |        //
        //                             \  \       ( bO - aO )         /        /         //
        //                                                                               //
        **********************************************************************************/

        // We split the operations in three steps for readeability
        // Division, minus one, and multiplication

        //      /            bO             \                     //
        //     | --------------------------  |                    //
        //      \       ( bO - aO )         /                     //
        uint division = balanceOut / (balanceOut - amountOut);

        //  1 - [...]
        uint256 factor = division - ONE;

        // aI = bI * [...]
        return mul(balanceIn,  factor);
    }","{""(64,77)"",""(33,61)""}","function mul(uint256 a, uint256 b) internal pure returns (uint256) {
        uint256 product = a * b;
        return product / ONE;
    }",1
98402,8da2a6773a0c9d9671c07c21038646e3,tob,MyPool.deposit,"function deposit(uint amount) external nonReentrant {
        token0.transferFrom(msg.sender, address(this), amount);
        balances0[msg.sender] += amount;
    }",0.11054431526888575,"","","","","```json
{
  ""result"": ""yes""
}
```
### Vulnerability Description

The vulnerability in the code pertains to the failure of the `swapInGivenOut` function to verify that the calling address has sufficient balance in the `tokenIn` contract before allowing a transfer. This function calculates the `amountIn` required to facilitate a swap that results in `amountOut`, and then performs a transfer of `tokenOut` to the caller, followed by a transferFrom of `tokenIn` from the caller to the contract. The oversight is that there is no explicit check against the caller's `tokenIn` balance or allowance before executing these transfers.

### Steps to Exploit

1. **Assuming Lack of Balance or Allowance**:
   - An attacker can call `swapInGivenOut` even if they hold no balance of `tokenIn`, or the allowance set for the contract to access the caller’s `tokenIn` tokens is insufficient.

2. **Execution of Swap**:
   - The attacker calls `swapInGivenOut(isToken0, amountOut)`, choosing appropriate values for `isToken0` and `amountOut` based on whether they want `token0` or `token1` as their output and have 0 balance in the corresponding input token.
   - The code then calculates `amountIn` and proceeds to transfer `amountOut` from the contract to the attacker's address with `tokenOut.transfer(msg.sender, amountOut)`.

3. **Failure Point**:
   - Next, the function tries to execute `tokenIn.transferFrom(msg.sender, address(this), amountIn)`.
   - Since the attacker does not have the required `tokenIn` (either zero balance or insufficient allowance), this transfer should fail, which would normally cause the entire transaction to revert.

4. **Outcome**:
   - Despite the reversion of the transferFrom operation, the prior execution of the `tokenOut` transfer is a state-changing operation that has already provided the attacker with `amountOut` worth of `tokenOut`.
   - If the state reversion fails or the revert from the `tokenIn` transferFrom operation does not cascade back well due to unexpected internal contract states or gas considerations, the attacker ends up with `amountOut` of `tokenOut` without relinquishing any `tokenIn`.

### Conclusion

To mitigate this vulnerability, the `swapInGivenOut` function must implement a check to ensure that the caller’s `tokenIn` balance and/or allowance is at least equal to `amountIn` before any tokens are transferred. Implementing such validation will ensure that the contract can indeed draw the required `amountIn` from the caller, preventing non-funded or unauthorized swaps that could lead to unintended token drainage from the contract.","这个漏洞所在的问题是，`swapInGivenOut` 函数没有在允许转账之前验证调用者地址在 `tokenIn` 合约中是否有足够的余额。该函数计算出需要的 `amountIn` 以实现给定的 `amountOut` 的交换，然后执行 `tokenOut` 的转账给调用者，接着从调用者那里将 `tokenIn` 通过 `transferFrom` 方法转移到合约中。疏漏之处在于没有明确检查调用者的 `tokenIn` 余额或授权额度就执行了这些转账。

### 漏洞利用步骤：

1. **假设缺乏余额或授权**：
   - 攻击者即使在 `tokenIn` 的余额为零，或者对合约的 `tokenIn` 代币的授权额度不足，仍然可以调用 `swapInGivenOut`。

2. **执行交换**：
   - 攻击者调用 `swapInGivenOut(isToken0, amountOut)`，根据他们想要作为输出的 `token0` 或 `token1`，选择合适的 `isToken0` 和 `amountOut` 值，并且在相应的输入代币中余额为0。
   - 代码随后计算 `amountIn` 并继续通过 `tokenOut.transfer(msg.sender, amountOut)` 将 `amountOut` 从合约转移给攻击者的地址。

3. **故障点**：
   - 接下来，函数尝试执行 `tokenIn.transferFrom(msg.sender, address(this), amountIn)`。
   - 由于攻击者没有所需的 `tokenIn`（余额为零或授权不足），此转账应该失败，并且通常会导致整个事务回滚。

4. **结果**：
   - 尽管 `tokenIn` 的 `transferFrom` 操作的回滚，先前执行的 `tokenOut` 转账是已经改变状态的操作，已经让攻击者得到了相当于 `amountOut` 的 `tokenOut`。
   - 如果状态回滚失败，或者由于意外的内部合约状态或燃气考虑，`tokenIn` 转账操作的回滚没有很好地向后扩展，攻击者最终无需支付任何 `tokenIn` 就获得了 `amountOut` 的 `tokenOut`。

### 结论

为了缓解这个漏洞，`swapInGivenOut` 函数必须实现一个检查，确保在任何代币转移之前，调用者的 `tokenIn` 余额和/或授权额度至少等于 `amountIn`。实施此类验证将确保合约确实可以从调用者那里提取所需的 `amountIn`，防止未经资助或未授权的交换可能导致合约意外代币泄漏。","",{'result':'dont need In-project other contract'},"{

    IERC20 token0;
    IERC20 token1;

    // LP balance
    mapping(address => uint) balances0;
    mapping(address => uint) balances1;

    constructor(address t0, address t1){
        token0 = IERC20(t0);
        token1 = IERC20(t1);
    }

    // ******** USERS SWAP ******** //

    function inGivenOut(
        uint256 balanceIn,
        uint256 balanceOut,
        uint256 amountOut
    ) internal pure returns (uint256) {
        /**********************************************************************************
        // Derived from Balancer                                                         //
        // aO = amountOut                                                                //
        // bO = balanceOut                                                               //
        // bI = balanceIn              /  /            bO             \        \         //
        // aI = amountIn    aI = bI * |  | --------------------------  |   - 1  |        //
        //                             \  \       ( bO - aO )         /        /         //
        //                                                                               //
        **********************************************************************************/

        // We split the operations in three steps for readeability
        // Division, minus one, and multiplication

        //      /            bO             \                     //
        //     | --------------------------  |                    //
        //      \       ( bO - aO )         /                     //
        uint division = balanceOut / (balanceOut - amountOut);

        //  1 - [...]
        uint256 factor = division - ONE;

        // aI = bI * [...]
        return mul(balanceIn,  factor);
    }

    // Swap the asset
    function swapInGivenOut(bool isToken0, uint amountOut) public invariantCheck(){
        IERC20 tokenIn = isToken0?token0:token1;
        IERC20 tokenOut = isToken0?token1:token0;

        uint balanceIn = tokenIn.balanceOf(address(this));
        uint balanceOut = tokenOut.balanceOf(address(this));

        // We take 2% fee
        amountOut = amountOut * 98 / 100;
        uint amountIn = inGivenOut(balanceIn, balanceOut, amountOut);

        tokenOut.transfer(msg.sender, amountOut);
        tokenIn.transferFrom(msg.sender, address(this), amountIn);
    }

    // Ensure that the k = xy invariant hold
    // This will be disabled for production to save gas
    modifier invariantCheck(){
        uint balanceInBefore = token0.balanceOf(address(this));
        uint balanceOutBefore = token1.balanceOf(address(this));

        uint k_before = balanceInBefore * balanceOutBefore;

        _;

        uint balanceInAfter = token0.balanceOf(address(this));
        uint balanceOutAfter = token1.balanceOf(address(this));

        require(k_before == balanceInAfter * balanceOutAfter);
    }

    // ******** LIQUIDITY PROVIDERS ******** //

    // User can deposit their token0
    function deposit(uint amount) external nonReentrant {
        token0.transferFrom(msg.sender, address(this), amount);
        balances0[msg.sender] += amount;
    }

    // User can withdraw their token0 and token1
    // We follow the check effect interaction pattern
    function withdraw(uint amount0, uint amount1) external {
        balances0[msg.sender] -= amount0;
        balances1[msg.sender] -= amount1;
        token0.transfer(msg.sender, amount0);
        token1.transfer(msg.sender, amount1);
    }

    // User can withdraw all their token0 and token1
    // nonReentrant to protect from reentrancies
    function withdrawAll() external nonReentrant {
        token0.transfer(msg.sender, balances0[msg.sender]);
        token1.transfer(msg.sender, balances1[msg.sender]);
        balances0[msg.sender] = 0;
        balances1[msg.sender] = 0;
    }
}","","","",98,101,./src/dataset/agent-v1-c4/tob/Tob.sol,/Users/xuxiangy/Desktop/trickPrompt-engine/src/dataset/agent-v1-c4/tob/Tob.sol,"","","function swapInGivenOut(bool isToken0, uint amountOut) public invariantCheck(){
        IERC20 tokenIn = isToken0?token0:token1;
        IERC20 tokenOut = isToken0?token1:token0;

        uint balanceIn = tokenIn.balanceOf(address(this));
        uint balanceOut = tokenOut.balanceOf(address(this));

        // We take 2% fee
        amountOut = amountOut * 98 / 100;
        uint amountIn = inGivenOut(balanceIn, balanceOut, amountOut);

        tokenOut.transfer(msg.sender, amountOut);
        tokenIn.transferFrom(msg.sender, address(this), amountIn);
    }
function withdraw(uint amount0, uint amount1) external {
        balances0[msg.sender] -= amount0;
        balances1[msg.sender] -= amount1;
        token0.transfer(msg.sender, amount0);
        token1.transfer(msg.sender, amount1);
    }
function deposit(uint amount) external nonReentrant {
        token0.transferFrom(msg.sender, address(this), amount);
        balances0[msg.sender] += amount;
    }","{""(64,77)"",""(105,110)"",""(98,101)""}","",1
98400,1f74e93707cdb2c0c8e8c9aff9a5c934,tob,MyPool.swapInGivenOut,"function swapInGivenOut(bool isToken0, uint amountOut) public invariantCheck(){
        IERC20 tokenIn = isToken0?token0:token1;
        IERC20 tokenOut = isToken0?token1:token0;

        uint balanceIn = tokenIn.balanceOf(address(this));
        uint balanceOut = tokenOut.balanceOf(address(this));

        // We take 2% fee
        amountOut = amountOut * 98 / 100;
        uint amountIn = inGivenOut(balanceIn, balanceOut, amountOut);

        tokenOut.transfer(msg.sender, amountOut);
        tokenIn.transferFrom(msg.sender, address(this), amountIn);
    }",0.7130298305980319,"","","","","{
    ""result"": ""yes""
}
### Vulnerability Description:

The vulnerability in this contract lies in the division operation within the `inGivenOut` function where the balanceOut is divided by the difference between balanceOut and amountOut. If an attacker requests a swap where `amountOut` is equal to `balanceOut`, this will lead to a division by zero as `(balanceOut - amountOut)` will equal zero. This would make the operation revert due to a division by zero error, preventing the transaction from succeeding.

### Step-by-Step Exploitation:

1. **Identify the condition**: For the exploit to trigger, an attacker needs to find a condition where `amountOut` is equal to the current `balanceOut` of the `tokenOut` in the smart contract. This can typically be fetched off-chain by viewing the token balance through a blockchain explorer or through contract read functions.

2. **Prepare the attack**: The attacker should approve the smart contract to spend their `tokenIn` in an amount that would realistically be calculated if the division by zero did not occur - this corresponds to the swap they intend to make.

3. **Execute the attack**:
    - Invoke `swapInGivenOut` with `isToken0` appropriately set (true or false depending on which token they want to swap) and set `amountOut` to the total `balanceOut` of the `tokenOut`.
    - Because the operation `(balanceOut - amountOut)` results in 0, the division operation fails and causes a revert due to division by zero.

4. **Result of Exploitation**:
    - The contract's intended operation to trade tokens and adjust reserves accordingly fails. This may freeze all operations depending on how the smart contract is structured with other functions interacting with the potentially erroneous state.

### Conclusion
Although the direct benefit to the attacker is not readily apparent (since the transaction reverts and no assets are lost or gained immediately), causing the function to repeatedly fail by invoking it under the conditions described above could serve as a denial-of-service attack. This could hinder legitimate users from performing exchanges when `amountOut` dangerously approaches `balanceOut`, subsequently impacting the contract's utility and trust. This situation demands a strategic validation to protect against `amountOut` being equal or near equal to `balanceOut`.","在这个智能合约中的漏洞存在于`inGivenOut`函数内的除法操作中，其中`balanceOut`除以`balanceOut`与`amountOut`的差值。如果攻击者请求一个交换，其中`amountOut`等于`balanceOut`，这将导致由于`（balanceOut - amountOut）`等于零而产生的除以零的情形。这会使得操作因除以零错误而中断，阻止交易成功完成。

攻击步骤说明如下：

1. **确定条件**：为了触发漏洞，攻击者需要找到一个条件，即`amountOut`等于智能合约中`tokenOut`的当前`balanceOut`。这通常可以通过区块链浏览器或通过合约读取功能来离线查看令牌余额。
   
2. **准备攻击**：攻击者应该批准智能合约消费他们的`tokenIn`，数量应该与如果没有发生除以零的错误时的计算相对应 - 这对应于他们打算进行的交换。

3. **执行攻击**：
   - 调用`swapInGivenOut`，正确设置`isToken0`（根据他们想要交换的代币设置为真或假），并将`amountOut`设置为`tokenOut`的全部`balanceOut`。
   - 因为操作`（balanceOut - amountOut）`结果为0，除法操作失败并因除以零而撤销。

4. **开发利用结果**：
   - 合约旨在交易代币并相应调整储备的操作失败。这可能会冻结所有操作，这取决于智能合约与可能存在错误状态的其他函数的交互方式。

总结来说，尽管攻击者的直接好处不是立即显而易见的（因为交易撤销，没有资产的损失或获得），但通过在上述条件下重复地触发该功能，可能用作拒绝服务攻击。这可能阻止合法用户在`amountOut`危险地接近`balanceOut`时执行交换，后续影响合约的实用性和信任度。这种情况要求策略性验证，以防止`amountOut`等于或接近`balanceOut`。","","The establishment of the vulnerability described is directly related to the provided code itself, particularly in the `inGivenOut` function where division by zero can occur without the need for interaction with other unknown or unprovided contracts. The identification of the vulnerability and its exploitation, including fetching balances and performing swaps, does not rely on external calls or states outside of the contract in question. This issue exists inherently within the token swap logic and arithmetic operations specified, and its rectification does not require integration or modification of other in-project contracts.

Therefore, the appropriate JSON result would be:
```json
{'result':'dont need In-project other contract'}
```","{

    IERC20 token0;
    IERC20 token1;

    // LP balance
    mapping(address => uint) balances0;
    mapping(address => uint) balances1;

    constructor(address t0, address t1){
        token0 = IERC20(t0);
        token1 = IERC20(t1);
    }

    // ******** USERS SWAP ******** //

    function inGivenOut(
        uint256 balanceIn,
        uint256 balanceOut,
        uint256 amountOut
    ) internal pure returns (uint256) {
        /**********************************************************************************
        // Derived from Balancer                                                         //
        // aO = amountOut                                                                //
        // bO = balanceOut                                                               //
        // bI = balanceIn              /  /            bO             \        \         //
        // aI = amountIn    aI = bI * |  | --------------------------  |   - 1  |        //
        //                             \  \       ( bO - aO )         /        /         //
        //                                                                               //
        **********************************************************************************/

        // We split the operations in three steps for readeability
        // Division, minus one, and multiplication

        //      /            bO             \                     //
        //     | --------------------------  |                    //
        //      \       ( bO - aO )         /                     //
        uint division = balanceOut / (balanceOut - amountOut);

        //  1 - [...]
        uint256 factor = division - ONE;

        // aI = bI * [...]
        return mul(balanceIn,  factor);
    }

    // Swap the asset
    function swapInGivenOut(bool isToken0, uint amountOut) public invariantCheck(){
        IERC20 tokenIn = isToken0?token0:token1;
        IERC20 tokenOut = isToken0?token1:token0;

        uint balanceIn = tokenIn.balanceOf(address(this));
        uint balanceOut = tokenOut.balanceOf(address(this));

        // We take 2% fee
        amountOut = amountOut * 98 / 100;
        uint amountIn = inGivenOut(balanceIn, balanceOut, amountOut);

        tokenOut.transfer(msg.sender, amountOut);
        tokenIn.transferFrom(msg.sender, address(this), amountIn);
    }

    // Ensure that the k = xy invariant hold
    // This will be disabled for production to save gas
    modifier invariantCheck(){
        uint balanceInBefore = token0.balanceOf(address(this));
        uint balanceOutBefore = token1.balanceOf(address(this));

        uint k_before = balanceInBefore * balanceOutBefore;

        _;

        uint balanceInAfter = token0.balanceOf(address(this));
        uint balanceOutAfter = token1.balanceOf(address(this));

        require(k_before == balanceInAfter * balanceOutAfter);
    }

    // ******** LIQUIDITY PROVIDERS ******** //

    // User can deposit their token0
    function deposit(uint amount) external nonReentrant {
        token0.transferFrom(msg.sender, address(this), amount);
        balances0[msg.sender] += amount;
    }

    // User can withdraw their token0 and token1
    // We follow the check effect interaction pattern
    function withdraw(uint amount0, uint amount1) external {
        balances0[msg.sender] -= amount0;
        balances1[msg.sender] -= amount1;
        token0.transfer(msg.sender, amount0);
        token1.transfer(msg.sender, amount1);
    }

    // User can withdraw all their token0 and token1
    // nonReentrant to protect from reentrancies
    function withdrawAll() external nonReentrant {
        token0.transfer(msg.sender, balances0[msg.sender]);
        token1.transfer(msg.sender, balances1[msg.sender]);
        balances0[msg.sender] = 0;
        balances1[msg.sender] = 0;
    }
}","","","",64,77,./src/dataset/agent-v1-c4/tob/Tob.sol,/Users/xuxiangy/Desktop/trickPrompt-engine/src/dataset/agent-v1-c4/tob/Tob.sol,"","","function swapInGivenOut(bool isToken0, uint amountOut) public invariantCheck(){
        IERC20 tokenIn = isToken0?token0:token1;
        IERC20 tokenOut = isToken0?token1:token0;

        uint balanceIn = tokenIn.balanceOf(address(this));
        uint balanceOut = tokenOut.balanceOf(address(this));

        // We take 2% fee
        amountOut = amountOut * 98 / 100;
        uint amountIn = inGivenOut(balanceIn, balanceOut, amountOut);

        tokenOut.transfer(msg.sender, amountOut);
        tokenIn.transferFrom(msg.sender, address(this), amountIn);
    }
function inGivenOut(
        uint256 balanceIn,
        uint256 balanceOut,
        uint256 amountOut
    ) internal pure returns (uint256) {
        /**********************************************************************************
        // Derived from Balancer                                                         //
        // aO = amountOut                                                                //
        // bO = balanceOut                                                               //
        // bI = balanceIn              /  /            bO             \        \         //
        // aI = amountIn    aI = bI * |  | --------------------------  |   - 1  |        //
        //                             \  \       ( bO - aO )         /        /         //
        //                                                                               //
        **********************************************************************************/

        // We split the operations in three steps for readeability
        // Division, minus one, and multiplication

        //      /            bO             \                     //
        //     | --------------------------  |                    //
        //      \       ( bO - aO )         /                     //
        uint division = balanceOut / (balanceOut - amountOut);

        //  1 - [...]
        uint256 factor = division - ONE;

        // aI = bI * [...]
        return mul(balanceIn,  factor);
    }","{""(64,77)"",""(33,61)""}","function mul(uint256 a, uint256 b) internal pure returns (uint256) {
        uint256 product = a * b;
        return product / ONE;
    }",1
98398,39f1da5c58b8690e4b705d9cb2dcc7dd,tob,MyPool.swapInGivenOut,"function swapInGivenOut(bool isToken0, uint amountOut) public invariantCheck(){
        IERC20 tokenIn = isToken0?token0:token1;
        IERC20 tokenOut = isToken0?token1:token0;

        uint balanceIn = tokenIn.balanceOf(address(this));
        uint balanceOut = tokenOut.balanceOf(address(this));

        // We take 2% fee
        amountOut = amountOut * 98 / 100;
        uint amountIn = inGivenOut(balanceIn, balanceOut, amountOut);

        tokenOut.transfer(msg.sender, amountOut);
        tokenIn.transferFrom(msg.sender, address(this), amountIn);
    }",0.16512635511903173,"","","","","{
    ""result"": ""high possibility""
}
### Vulnerability Detail:
The primary logical vulnerability in the `swapInGivenOut` function arises from not considering the scenario where the `amountOut` is greater than or equal to the `balanceOut`. This oversight leads to a situation where `(balanceOut - amountOut)` becomes negative or zero, causing a division by zero error when computing `division`. This issue can lead to a complete breakdown, causing transactions to revert.

### Exploit Steps:
1. **Identify Initial Conditions:** 
   - Assume that initially, `balanceOut` of `tokenOut` in the contract is 100 tokens.
   
2. **Choice of Parameters for Exploit:**
   - As an attacker, choose an `amountOut` that is 100 tokens or slightly more. For maximum impact, choose exactly 100 tokens, considering the 2% fee adjustment the contract applies.

3. **Execution of the Exploit:**
   - Invoke `swapInGivenOut` function with `isToken0` set (doesn't necessarily matter here) and `amountOut` set to 100.
   - The function internally adjusts the `amountOut` to 98 tokens (100 * 98 / 100).
   
4. **Breaking the Function Logic:**
   - Next, the function calculates `division` as `balanceOut / (balanceOut - amountOut)`. Here it simplifies to `100 / (100 - 98)`, thus `100 / 2 = 50`.
   - But if `amountOut` had been slightly higher (i.e., starts higher than 102.04 to compensate for 2% fee leading to exactly 100 or more), the calculation of `balanceOut - adjusted amountOut` could lead to zero or negative values, thus a division by zero when attempting `balanceOut / (balanceOut - amountOut)`, causing a revert.

5. **Outcome:**
   - The transaction reverts, causing a denial of service for this function. No tokens are exchanged, but the function becomes unusable when provided with these parameters, leading to disruption in service and potential loss of trust or usability of the contract.

### Conclusion:
This vulnerability can be exploited by simply choosing an `amountOut` that, after taking the 2% fee into consideration, matches or exceeds `balanceOut`. Such a choice leads to critical computational failure in the smart contract, causing transaction reverts and potential denial of service for users intending to utilize this functionality. This exploit does not require manipulation of balances or any advanced attack vectors, merely an understanding of the input conditions relative to the token balances on the contract.","在智能合约的`swapInGivenOut`函数中存在一个主要的逻辑漏洞，即没有考虑输出数量`amountOut`大于或等于输出余额`balanceOut`的情况。这种疏忽导致`(balanceOut - amountOut)`变为负数或零，从而在计算`division`时引发零除错误。这个问题可能导致交易无法执行，进而导致交易回滚。

### 利用这个漏洞的步骤：
1. **确定初始条件：**
   - 假设最初合约中的`tokenOut`的`balanceOut`为100个代币。

2. **选择参数进行利用：**
   - 作为攻击者，选择一个`amountOut`为100代币或稍多一些。为了最大影响，选择正好100代币，考虑到合约应用的2%费用调整。

3. **执行攻击：**
   - 调用`swapInGivenOut`函数，设置`isToken0`（在这里不必要具体），设置`amountOut`为100。
   - 函数内部将`amountOut`调整为98代币（100 * 98 / 100）。

4. **破坏函数逻辑：**
   - 接下来，函数计算`division`为`balanceOut / (balanceOut - amountOut)`。这里简化为`100 / (100 - 98)`，即`100 / 2 = 50`。
   - 但如果`amountOut`略高（即开始时高于102.04，以补偿2%的费用，导致最终达到100或更多），计算`balanceOut - adjusted amountOut`可能导致0或负数，从而在尝试`balanceOut / (balanceOut - amountOut)`时导致零除错误，使交易回滚。

5. **结果：**
   - 交易回滚，使得这个函数无法服务。没有代币交换，但是在提供这些参数时，函数变得无法使用，导致服务中断和潜在的信任或可用性损失。

### 结论：
这个漏洞可以通过简单地选择一个`amountOut`，经过考虑2%的费用后，匹配或超过`balanceOut`。这种选择导致智能合约的严重计算失败，导致交易回滚和潜在的服务拒绝，给希望使用此功能的用户带来困扰。这种利用不需要操纵余额或任何高级攻击向量，只需要对合约中的输入条件与代币余额的相对了解。","",{'result':'dont need In-project other contract'},"{

    IERC20 token0;
    IERC20 token1;

    // LP balance
    mapping(address => uint) balances0;
    mapping(address => uint) balances1;

    constructor(address t0, address t1){
        token0 = IERC20(t0);
        token1 = IERC20(t1);
    }

    // ******** USERS SWAP ******** //

    function inGivenOut(
        uint256 balanceIn,
        uint256 balanceOut,
        uint256 amountOut
    ) internal pure returns (uint256) {
        /**********************************************************************************
        // Derived from Balancer                                                         //
        // aO = amountOut                                                                //
        // bO = balanceOut                                                               //
        // bI = balanceIn              /  /            bO             \        \         //
        // aI = amountIn    aI = bI * |  | --------------------------  |   - 1  |        //
        //                             \  \       ( bO - aO )         /        /         //
        //                                                                               //
        **********************************************************************************/

        // We split the operations in three steps for readeability
        // Division, minus one, and multiplication

        //      /            bO             \                     //
        //     | --------------------------  |                    //
        //      \       ( bO - aO )         /                     //
        uint division = balanceOut / (balanceOut - amountOut);

        //  1 - [...]
        uint256 factor = division - ONE;

        // aI = bI * [...]
        return mul(balanceIn,  factor);
    }

    // Swap the asset
    function swapInGivenOut(bool isToken0, uint amountOut) public invariantCheck(){
        IERC20 tokenIn = isToken0?token0:token1;
        IERC20 tokenOut = isToken0?token1:token0;

        uint balanceIn = tokenIn.balanceOf(address(this));
        uint balanceOut = tokenOut.balanceOf(address(this));

        // We take 2% fee
        amountOut = amountOut * 98 / 100;
        uint amountIn = inGivenOut(balanceIn, balanceOut, amountOut);

        tokenOut.transfer(msg.sender, amountOut);
        tokenIn.transferFrom(msg.sender, address(this), amountIn);
    }

    // Ensure that the k = xy invariant hold
    // This will be disabled for production to save gas
    modifier invariantCheck(){
        uint balanceInBefore = token0.balanceOf(address(this));
        uint balanceOutBefore = token1.balanceOf(address(this));

        uint k_before = balanceInBefore * balanceOutBefore;

        _;

        uint balanceInAfter = token0.balanceOf(address(this));
        uint balanceOutAfter = token1.balanceOf(address(this));

        require(k_before == balanceInAfter * balanceOutAfter);
    }

    // ******** LIQUIDITY PROVIDERS ******** //

    // User can deposit their token0
    function deposit(uint amount) external nonReentrant {
        token0.transferFrom(msg.sender, address(this), amount);
        balances0[msg.sender] += amount;
    }

    // User can withdraw their token0 and token1
    // We follow the check effect interaction pattern
    function withdraw(uint amount0, uint amount1) external {
        balances0[msg.sender] -= amount0;
        balances1[msg.sender] -= amount1;
        token0.transfer(msg.sender, amount0);
        token1.transfer(msg.sender, amount1);
    }

    // User can withdraw all their token0 and token1
    // nonReentrant to protect from reentrancies
    function withdrawAll() external nonReentrant {
        token0.transfer(msg.sender, balances0[msg.sender]);
        token1.transfer(msg.sender, balances1[msg.sender]);
        balances0[msg.sender] = 0;
        balances1[msg.sender] = 0;
    }
}","","","",64,77,./src/dataset/agent-v1-c4/tob/Tob.sol,/Users/xuxiangy/Desktop/trickPrompt-engine/src/dataset/agent-v1-c4/tob/Tob.sol,"","","function swapInGivenOut(bool isToken0, uint amountOut) public invariantCheck(){
        IERC20 tokenIn = isToken0?token0:token1;
        IERC20 tokenOut = isToken0?token1:token0;

        uint balanceIn = tokenIn.balanceOf(address(this));
        uint balanceOut = tokenOut.balanceOf(address(this));

        // We take 2% fee
        amountOut = amountOut * 98 / 100;
        uint amountIn = inGivenOut(balanceIn, balanceOut, amountOut);

        tokenOut.transfer(msg.sender, amountOut);
        tokenIn.transferFrom(msg.sender, address(this), amountIn);
    }
function inGivenOut(
        uint256 balanceIn,
        uint256 balanceOut,
        uint256 amountOut
    ) internal pure returns (uint256) {
        /**********************************************************************************
        // Derived from Balancer                                                         //
        // aO = amountOut                                                                //
        // bO = balanceOut                                                               //
        // bI = balanceIn              /  /            bO             \        \         //
        // aI = amountIn    aI = bI * |  | --------------------------  |   - 1  |        //
        //                             \  \       ( bO - aO )         /        /         //
        //                                                                               //
        **********************************************************************************/

        // We split the operations in three steps for readeability
        // Division, minus one, and multiplication

        //      /            bO             \                     //
        //     | --------------------------  |                    //
        //      \       ( bO - aO )         /                     //
        uint division = balanceOut / (balanceOut - amountOut);

        //  1 - [...]
        uint256 factor = division - ONE;

        // aI = bI * [...]
        return mul(balanceIn,  factor);
    }","{""(64,77)"",""(33,61)""}","function mul(uint256 a, uint256 b) internal pure returns (uint256) {
        uint256 product = a * b;
        return product / ONE;
    }",1
98401,6cc20bb58fda18e9484db8f74327a2d8,tob,MyPool.deposit,"function deposit(uint amount) external nonReentrant {
        token0.transferFrom(msg.sender, address(this), amount);
        balances0[msg.sender] += amount;
    }",0.40460498686886714,"","","","","{
    ""result"": ""high possibility""
}
1. **Vulnerability Explanation**
   The vulnerability lies in the `swapInGivenOut` function of the smart contract where a user swaps one token for another based on an output amount. The amount of tokens paid (""amountIn"") is calculated based on current balance held by the contract (`balanceIn`, `balanceOut`) using the function `inGivenOut`, which is not given in the snippet but implied to be some formula calculating this input amount. The issue arises because there is no check to ensure the calculated `amountIn` is actually available from the function caller's balance before executing the trade. This could allow a user to effectively drain tokens from the smart contract if the balances aren't verified against user's balances.

2. **Exploit Steps**
   - **Step 1:** Assume for this example `token0` and `token1` are ERC20 tokens traded in this contract. A user has a balance of 0 for `token0` in their personal wallet, but the contract has a certain balance.
   - **Step 2:** The user calls `swapInGivenOut` with `isToken0` set to true (meaning they want to swap `token0` for `token1`) and a moderate `amountOut` of `token1` they wish to receive.
   - **Step 3:** The contract calculates `amountIn` using the `inGivenOut` function based on total reserves (`balanceIn` of `token0` and `balanceOut` of `token1` inside the smart contract).
   - **Step 4:** Due to lack of a verification check to ensure the calling user has the `amountIn` of `token0` they are supposed to provide, the smart contract proceeds to send the user `amountOut` of `token1`.
   - **Step 5:** `token0.transferFrom(msg.sender, address(this), amountIn);` is attempted, but since `msg.sender` does not have enough `token0` to transfer, this step should theoretically fail. However, the absence of a user balance check before executing the transfer or consequences if the transfer fail allows for unverified continuation in some contract designs (depending on error handling outside this snippet).
   - **Step 6:** In a flawed scenario, the contract would have debited `token1` to the user without successfully getting `token0` in return, which can lead to token draining if repeated.

3. **Vulnerability Fix**
   - Implement a balance check before attempting the `tokenOut.transfer` and `tokenIn.transferFrom` operations:
     ```solidity
     require(tokenIn.balanceOf(msg.sender) >= amountIn, ""Insufficient tokenIn balance"");
     ```
   - This check ensures that the user attempting the swap has enough of `tokenIn` before the smart contract allows the transaction to proceed, safeguarding against token draining scenarios.
","在智能合约的 `swapInGivenOut` 函数中存在一个漏洞，该函数允许用户根据输出数量交换一种代币换取另一种代币。支付的代币数量（“amountIn”）是基于合约持有的当前余额（`balanceIn`、`balanceOut`）通过一个我们未提供但假定存在的函数 `inGivenOut` 来计算的。此函数负责计算这个输入数量。问题在于，函数在执行交易前没有检查计算出的 `amountIn` 是否真的可以由调用方提供。这可能允许用户在不验证用户余额的情况下，实际上从智能合约中取出代币。

**利用此漏洞的步骤包括：**
- **步骤1：** 假设 `token0` 和 `token1` 是在本合约中交易的ERC20代币。用户在他们的个人钱包中拥有0个 `token0` 的余额，但是合约有一定的余额。
- **步骤2：** 用户调用 `swapInGivenOut` 函数，将 `isToken0` 设置为真（意味着他们想用 `token0` 换取 `token1`），并指定一个他们希望接收的中等数量的 `token1`（即`amountOut`）。
- **步骤3：** 根据合约内的总储备（`token0` 的 `balanceIn` 和 `token1` 的 `balanceOut`）使用函数 `inGivenOut` 计算 `amountIn`。
- **步骤4：** 由于缺乏对调用用户必须提供的 `amountIn` 是否有 `token0` 的验证检查，智能合约继续向用户发送 `token1` 的 `amountOut`。
- **步骤5：** 尝试执行`token0.transferFrom(msg.sender, address(this), amountIn);`，但由于 `msg.sender` 没有足够的 `token0` 来转账，这一步理论上应该失败。然而，如果缺少用户余额检查和如果转账失败的后果处理，某些合约设计可能会允许未经验证的继续执行。
- **步骤6：** 在存在缺陷的情况下，合约会在没有成功获取到 `token0` 的情况下将 `token1` 转账给用户，如果重复此操作，则可以导致代币流失。

**修复此漏洞的建议：**
- 在尝试进行 `tokenOut.transfer` 和 `tokenIn.transferFrom` 操作之前实施余额检查：
  ```solidity
  require(tokenIn.balanceOf(msg.sender) >= amountIn, ""Insufficient tokenIn balance"");
  ```
- 此检查确保了试图进行交换的用户在智能合约允许交易继续之前拥有足够的 `tokenIn`，从而防止了代币流失的场景。","","The establishment of the vulnerability does not depend on the code of other unknown or unprovided contracts within the project, nor is it affected by external calls or contract states outside of handling ERC20 `transferFrom` and `transfer` behaviors which are standard and predictable. The primary issues stem from the absence of internal checks and safeguards within the provided contract code regarding user balances before executing token transfers.

Therefore, the correct answer would be:
```json
{'result':'dont need In-project other contract'}
```","{

    IERC20 token0;
    IERC20 token1;

    // LP balance
    mapping(address => uint) balances0;
    mapping(address => uint) balances1;

    constructor(address t0, address t1){
        token0 = IERC20(t0);
        token1 = IERC20(t1);
    }

    // ******** USERS SWAP ******** //

    function inGivenOut(
        uint256 balanceIn,
        uint256 balanceOut,
        uint256 amountOut
    ) internal pure returns (uint256) {
        /**********************************************************************************
        // Derived from Balancer                                                         //
        // aO = amountOut                                                                //
        // bO = balanceOut                                                               //
        // bI = balanceIn              /  /            bO             \        \         //
        // aI = amountIn    aI = bI * |  | --------------------------  |   - 1  |        //
        //                             \  \       ( bO - aO )         /        /         //
        //                                                                               //
        **********************************************************************************/

        // We split the operations in three steps for readeability
        // Division, minus one, and multiplication

        //      /            bO             \                     //
        //     | --------------------------  |                    //
        //      \       ( bO - aO )         /                     //
        uint division = balanceOut / (balanceOut - amountOut);

        //  1 - [...]
        uint256 factor = division - ONE;

        // aI = bI * [...]
        return mul(balanceIn,  factor);
    }

    // Swap the asset
    function swapInGivenOut(bool isToken0, uint amountOut) public invariantCheck(){
        IERC20 tokenIn = isToken0?token0:token1;
        IERC20 tokenOut = isToken0?token1:token0;

        uint balanceIn = tokenIn.balanceOf(address(this));
        uint balanceOut = tokenOut.balanceOf(address(this));

        // We take 2% fee
        amountOut = amountOut * 98 / 100;
        uint amountIn = inGivenOut(balanceIn, balanceOut, amountOut);

        tokenOut.transfer(msg.sender, amountOut);
        tokenIn.transferFrom(msg.sender, address(this), amountIn);
    }

    // Ensure that the k = xy invariant hold
    // This will be disabled for production to save gas
    modifier invariantCheck(){
        uint balanceInBefore = token0.balanceOf(address(this));
        uint balanceOutBefore = token1.balanceOf(address(this));

        uint k_before = balanceInBefore * balanceOutBefore;

        _;

        uint balanceInAfter = token0.balanceOf(address(this));
        uint balanceOutAfter = token1.balanceOf(address(this));

        require(k_before == balanceInAfter * balanceOutAfter);
    }

    // ******** LIQUIDITY PROVIDERS ******** //

    // User can deposit their token0
    function deposit(uint amount) external nonReentrant {
        token0.transferFrom(msg.sender, address(this), amount);
        balances0[msg.sender] += amount;
    }

    // User can withdraw their token0 and token1
    // We follow the check effect interaction pattern
    function withdraw(uint amount0, uint amount1) external {
        balances0[msg.sender] -= amount0;
        balances1[msg.sender] -= amount1;
        token0.transfer(msg.sender, amount0);
        token1.transfer(msg.sender, amount1);
    }

    // User can withdraw all their token0 and token1
    // nonReentrant to protect from reentrancies
    function withdrawAll() external nonReentrant {
        token0.transfer(msg.sender, balances0[msg.sender]);
        token1.transfer(msg.sender, balances1[msg.sender]);
        balances0[msg.sender] = 0;
        balances1[msg.sender] = 0;
    }
}","","","",98,101,./src/dataset/agent-v1-c4/tob/Tob.sol,/Users/xuxiangy/Desktop/trickPrompt-engine/src/dataset/agent-v1-c4/tob/Tob.sol,"","","function swapInGivenOut(bool isToken0, uint amountOut) public invariantCheck(){
        IERC20 tokenIn = isToken0?token0:token1;
        IERC20 tokenOut = isToken0?token1:token0;

        uint balanceIn = tokenIn.balanceOf(address(this));
        uint balanceOut = tokenOut.balanceOf(address(this));

        // We take 2% fee
        amountOut = amountOut * 98 / 100;
        uint amountIn = inGivenOut(balanceIn, balanceOut, amountOut);

        tokenOut.transfer(msg.sender, amountOut);
        tokenIn.transferFrom(msg.sender, address(this), amountIn);
    }
function withdraw(uint amount0, uint amount1) external {
        balances0[msg.sender] -= amount0;
        balances1[msg.sender] -= amount1;
        token0.transfer(msg.sender, amount0);
        token1.transfer(msg.sender, amount1);
    }
function deposit(uint amount) external nonReentrant {
        token0.transferFrom(msg.sender, address(this), amount);
        balances0[msg.sender] += amount;
    }","{""(64,77)"",""(105,110)"",""(98,101)""}","",1
98406,536589146f47ae4a8bc8c3cfc27b6746,tob,MyPool.deposit,"function deposit(uint amount) external nonReentrant {
        token0.transferFrom(msg.sender, address(this), amount);
        balances0[msg.sender] += amount;
    }",0.5261414440903043,"","","","","Analyzing the `swapInGivenOut` function:

1. The function starts by determining token addresses based on the parameter `isToken0`. `tokenIn` and `tokenOut` are assigned corresponding token contracts based on this boolean value.
   
2. It computes the contract's own current balances for both `tokenIn` and `tokenOut` as `balanceIn` and `balanceOut`, respectively.

3. The `amountOut` is then adjusted by subtracting a 2% fee.

4. Using the `inGivenOut` function (not detailed here), the function calculates the `amountIn`, which is the quantity of `tokenIn` that should be taken in exchange for the adjusted `amountOut`.

5. The function executes an external call `tokenOut.transfer(msg.sender, amountOut)` to transfer these tokens to `msg.sender`.

6. Immediately following the transfer of `amountOut`, without checking if `msg.sender` has sufficient `tokenIn` or having taken any `tokenIn` from them yet, the contract executes another external call `tokenIn.transferFrom(msg.sender, address(this), amountIn)`, aiming to transfer the calculated `amountIn` from `msg.sender` to the contract.

If we consider step 5 and 6:
- The contract does not verify whether the sender's balance has enough `tokenIn` before issuing `tokenOut`.
- Should the `tokenIn.transferFrom` fail due to insufficient `tokenIn` in the sender's balance (for example if they have transferred or sold their token in another transaction just before or during the execution of `swapInGivenOut`), the contract would still have issued the `amountOut` without receiving expected `amountIn`. 
- This can leave the contract vulnerable to a situation where its reserves of `tokenOut` are depleted without equivalent compensation in `tokenIn`.

Given this analysis, the vulnerability concerning improperly ordered token transfers without preliminary checks for balance sufficiency appears genuine and potentially exploitable.

Conclusion:
This function does indeed illustrate a vulnerability that aligns with reentrancy-like effects by misordering critical operations (token transfers) without adequate safeguard checks. Therefore, there is indeed a risk that this vulnerability can be exploited under normal operational scenarios without requiring any special permissions or exotic setups from the attacker.

```json
{
  ""result"": ""yes""
}
```
### Description of the Vulnerability: 
The vulnerability in the `swapInGivenOut` function lies in the order of external calls made to transfer tokens without first verifying the calculated amount of input tokens (`amountIn`) is available from the sender. This introduces a classic reentrancy-like effect because the function first sends `amountOut` tokens to `msg.sender` without having first reserved the `amountIn` tokens from the sender. This can potentially lead to an imbalance in the asset pool if an error occurs afterward or if the sender doesn't have enough tokens to fulfill the input requirement. 

### Step-by-Step Exploitation:
1. Assume a user (attacker) wants to exploit the `swapInGivenOut` function.
2. The attacker calls `swapInGivenOut` with `amountOut` set to a certain number of tokens they wish to receive.
3. Inside `swapInGivenOut`, the contract calculates the `amountIn` required but does not immediately check or reserve these tokens from the attacker's balance.
4. The contract proceeds to transfer the desired `amountOut` from its reserves to the attacker.
5. Immediately following step 4, *before* the function tries to transfer `amountIn` from the attacker to the contract, suppose the attacker either doesn't have enough tokens or another transaction draws down their balance to below the `amountIn`.
6. When the contract attempts to transfer `amountIn` from the attacker, the transaction fails due to insufficient balance, but the contract has already sent the `amountOut` to the attacker resulting in a loss of tokens.

### Conclusion:
This misordering of operations exposes the contract to potential token drain if the user does not hold enough tokens after receiving the `amountOut`. To correct this, the function should first reserve or lock the required `amountIn` tokens from the user's balance before sending out any tokens. This can be achieved by performing the `tokenIn.transferFrom` call before the `tokenOut.transfer` call. This change ensures that the contract only releases tokens once it is assured of receiving the corresponding input tokens securely.","在 `swapInGivenOut` 函数中的漏洞在于其执行代币转移的顺序问题，它未能在发送代币之前验证发送者是否有足够的输入代币（`amountIn`）。这在功能执行中引入了类似重入的效果，因为它首先向 `msg.sender` 发送了 `amountOut` 代币，而没有首先从发送者处保留所需的 `amountIn` 代币。如果后续出错或发送者没有足够的代币来满足输入需求，这可能会导致资产池的不平衡。

### 漏洞利用步骤：
1. 假设一个用户（攻击者）想要利用 `swapInGivenOut` 函数。
2. 攻击者使用他希望接收的某个数量的 `amountOut` 来调用 `swapInGivenOut`。
3. 在 `swapInGivenOut` 内，合约计算所需的 `amountIn`，但没有立即检查或从攻击者的余额中预留这些代币。
4. 合约继续从其储备中将所需的 `amountOut` 转移给攻击者。
5. 紧接着第4步，在函数尝试从攻击者那里转移 `amountIn` 之前，假设攻击者没有足够的代币，或者另一个交易使他们的余额降至低于 `amountIn`。
6. 当合约试图从攻击者那里转移 `amountIn` 时，交易因余额不足而失败，但合约已经向攻击者发送了 `amountOut`，导致了代币损失。

### 结论：
这种操作顺序的错误使得合约面临用户在收到 `amountOut` 之后可能没有足够代币的潜在代币泄漏风险。为了纠正这一点，函数应该先从用户余额中预留或锁定所需的 `amountIn` 代币，再发送任何代币。这可以通过在 `tokenOut.transfer` 调用前进行 `tokenIn.transferFrom` 调用来实现。这一改变确保了合约只在确保安全接收到相应的输入代币之后才释放代币。","","Based on the detailed analysis provided, the exploitation of the `swapInGivenOut` function's vulnerability does not depend on the code of other unknown or unprovided contracts in the project. The vulnerability primarily concerns the ordering of token transfer operations within the function itself. External calls such as `transfer` and `transferFrom` are involved, but these are standard token interface calls, and the issue arises from their order rather than the specifics of the external contract’s implementation.

Conclusively, the establishment of the vulnerability is confined to the logic and state handling implemented within the `swapInGivenOut` function. It directly relates to how tokens are handled and transferred based on the contract's internal logic and state, independently of any external contracts except for the expected behavior of ERC-20 token transfers.

Therefore, the correct JSON result is:
```json
{'result':'dont need In-project other contract'}
```","{

    IERC20 token0;
    IERC20 token1;

    // LP balance
    mapping(address => uint) balances0;
    mapping(address => uint) balances1;

    constructor(address t0, address t1){
        token0 = IERC20(t0);
        token1 = IERC20(t1);
    }

    // ******** USERS SWAP ******** //

    function inGivenOut(
        uint256 balanceIn,
        uint256 balanceOut,
        uint256 amountOut
    ) internal pure returns (uint256) {
        /**********************************************************************************
        // Derived from Balancer                                                         //
        // aO = amountOut                                                                //
        // bO = balanceOut                                                               //
        // bI = balanceIn              /  /            bO             \        \         //
        // aI = amountIn    aI = bI * |  | --------------------------  |   - 1  |        //
        //                             \  \       ( bO - aO )         /        /         //
        //                                                                               //
        **********************************************************************************/

        // We split the operations in three steps for readeability
        // Division, minus one, and multiplication

        //      /            bO             \                     //
        //     | --------------------------  |                    //
        //      \       ( bO - aO )         /                     //
        uint division = balanceOut / (balanceOut - amountOut);

        //  1 - [...]
        uint256 factor = division - ONE;

        // aI = bI * [...]
        return mul(balanceIn,  factor);
    }

    // Swap the asset
    function swapInGivenOut(bool isToken0, uint amountOut) public invariantCheck(){
        IERC20 tokenIn = isToken0?token0:token1;
        IERC20 tokenOut = isToken0?token1:token0;

        uint balanceIn = tokenIn.balanceOf(address(this));
        uint balanceOut = tokenOut.balanceOf(address(this));

        // We take 2% fee
        amountOut = amountOut * 98 / 100;
        uint amountIn = inGivenOut(balanceIn, balanceOut, amountOut);

        tokenOut.transfer(msg.sender, amountOut);
        tokenIn.transferFrom(msg.sender, address(this), amountIn);
    }

    // Ensure that the k = xy invariant hold
    // This will be disabled for production to save gas
    modifier invariantCheck(){
        uint balanceInBefore = token0.balanceOf(address(this));
        uint balanceOutBefore = token1.balanceOf(address(this));

        uint k_before = balanceInBefore * balanceOutBefore;

        _;

        uint balanceInAfter = token0.balanceOf(address(this));
        uint balanceOutAfter = token1.balanceOf(address(this));

        require(k_before == balanceInAfter * balanceOutAfter);
    }

    // ******** LIQUIDITY PROVIDERS ******** //

    // User can deposit their token0
    function deposit(uint amount) external nonReentrant {
        token0.transferFrom(msg.sender, address(this), amount);
        balances0[msg.sender] += amount;
    }

    // User can withdraw their token0 and token1
    // We follow the check effect interaction pattern
    function withdraw(uint amount0, uint amount1) external {
        balances0[msg.sender] -= amount0;
        balances1[msg.sender] -= amount1;
        token0.transfer(msg.sender, amount0);
        token1.transfer(msg.sender, amount1);
    }

    // User can withdraw all their token0 and token1
    // nonReentrant to protect from reentrancies
    function withdrawAll() external nonReentrant {
        token0.transfer(msg.sender, balances0[msg.sender]);
        token1.transfer(msg.sender, balances1[msg.sender]);
        balances0[msg.sender] = 0;
        balances1[msg.sender] = 0;
    }
}","","","",98,101,./src/dataset/agent-v1-c4/tob/Tob.sol,/Users/xuxiangy/Desktop/trickPrompt-engine/src/dataset/agent-v1-c4/tob/Tob.sol,"","","function swapInGivenOut(bool isToken0, uint amountOut) public invariantCheck(){
        IERC20 tokenIn = isToken0?token0:token1;
        IERC20 tokenOut = isToken0?token1:token0;

        uint balanceIn = tokenIn.balanceOf(address(this));
        uint balanceOut = tokenOut.balanceOf(address(this));

        // We take 2% fee
        amountOut = amountOut * 98 / 100;
        uint amountIn = inGivenOut(balanceIn, balanceOut, amountOut);

        tokenOut.transfer(msg.sender, amountOut);
        tokenIn.transferFrom(msg.sender, address(this), amountIn);
    }
function withdraw(uint amount0, uint amount1) external {
        balances0[msg.sender] -= amount0;
        balances1[msg.sender] -= amount1;
        token0.transfer(msg.sender, amount0);
        token1.transfer(msg.sender, amount1);
    }
function deposit(uint amount) external nonReentrant {
        token0.transferFrom(msg.sender, address(this), amount);
        balances0[msg.sender] += amount;
    }","{""(64,77)"",""(105,110)"",""(98,101)""}","",1
98405,fd1416c3c1fdd40b7307ae6027c47392,tob,MyPool.deposit,"function deposit(uint amount) external nonReentrant {
        token0.transferFrom(msg.sender, address(this), amount);
        balances0[msg.sender] += amount;
    }",0.34386085517664566,"","","","","Analyzing the `swapInGivenOut` function step-by-step:

1. **Variable Initialization**:
   - `tokenIn` and `tokenOut` are determined based on the `isToken0` boolean parameter.
   - The `balanceIn` and `balanceOut` are fetched using the `balanceOf` method for `tokenIn` and `tokenOut`.

2. **Fee Calculation and Determination of `amountOut`**:
   - `amountOut` is adjusted by reducing it to 98% of the intended output amount to account for a 2% fee.

3. **Calculation of `amountIn`**:
   - The function `inGivenOut` calculates the amount of `tokenIn` required to maintain the pool's invariant, given the `balanceIn`, `balanceOut`, and adjusted `amountOut`. Details on how `inGivenOut` works, like if it's an internal or imported function using an invariant formula, are not provided hence assumed to adhere to a constant product formula.

4. **Token Transfers**:
   - `tokenOut` is transferred to the `msg.sender` as per the reduced `amountOut`.
   - `tokenIn` is transferred from `msg.sender` to the contract for the calculated `amountIn` using `transferFrom`.

5. **Checking Missing Verification**:
   - The function does not perform an explicit check to determine whether the `msg.sender` has sufficient `tokenIn` amount to cover the `amountIn` before attempting the token transfer. 
   - Standard token `transferFrom` will revert if the `msg.sender` doesn’t have enough balance or hasn't allowed enough token spending limit via an earlier `approve` call. However, these conditions aren't preemptively checked inside our function, which can lead to transaction failures and inconsistencies.

6. **Conclusion**:
   - Given the flow and assuming no other checks outside the visible code snippet, if `msg.sender` doesn't have enough tokens or an appropriate allowance set, the transaction will revert at the point of attempting the `tokenIn` `transferFrom`. While this prevents an outright exploitation (where tokens one doesn't have are taken and tokens are sent), the lack of checking can lead to unnecessary transaction failures which could be mitigated by early balance verification.
   
Considering the characteristics of ERC20's `transferFrom` which inherently checks for balance and allowance, the proposed vulnerability wherein a user with insufficient tokens could manipulate the pool unjustly isn't directly feasible, because transactions will fail upon actual insufficient balances. Thus, while the function could benefit from optimization by checking balances beforehand to avoid gas costs of a failing transaction, it is not directly exploitable to extract more `tokenOut` than backed by `tokenIn`.

The result would be:
{""result"":""low possibility""}
1. **Vulnerability Description**:
   The vulnerability lies within the `swapInGivenOut` function. Particularly, this function does not check if the `amountIn` calculated to maintain the invariant (constant product formula) is available in the sender’s balance before executing the swap and transferring `amountOut`. This allows a user to potentially receive more tokens than they are entitled to based on their deposited tokens.

2. **Step-by-Step Exploit**:
   - Assume that a user has a very low balance of `tokenIn` but a high desire to receive `tokenOut`.
   - The user calls the `swapInGivenOut` function with `isToken0` set based on whether they want `token0` (set `isToken0 = true` to receive `token1` and vice versa) and a high `amountOut` relative to their `tokenIn` balance.
   - The function computes `amountIn` required to keep the pool's invariant based on the user's desired `amountOut`, but does not verify if the user's balance can cover this `amountIn`. 
   - `tokenOut` is sent to the user based on their requested `amountOut` (reduced by the 2% fee), even if they have an insufficient `tokenIn` balance to cover the calculated `amountIn`.
   - The contract then attempts to transfer `amountIn` of `tokenIn` from the user’s balance, which is less than required; however, this will fail only if the `amountIn` is entirely unavailable leading to an incomplete transaction if and only if the user had a zero balance.
   - If the user has some, but insufficient, `tokenIn`, the transaction will succeed, thereby exploiting the contract by receiving more `tokenOut` than they should have based on their `tokenIn` balance.

3. **Potential Harm**:
   This exploit allows a user to drain tokens from the liquidity pool or achieve an unbalanced trade that isn't backed by a sufficient amount of the swapped token. This can deplete the pool’s reserves unfairly, affect the token prices, and manipulate market conditions. 

This is not just an oversight but a critical exploit where checks for sufficient balance are necessary before executing a swap, which is currently missing in the `swapInGivenOut` function in the provided smart contract code.","这个漏洞存在于智能合约中的 `swapInGivenOut` 函数中。具体来说，该函数在执行交换并转移 `amountOut` （输出量）之前，没有检查计算出来的 `amountIn`（输入量）是否在发送者的余额中可用。这可能允许用户基于他们存入的代币数量获得超过应有的更多代币。

#### 漏洞利用步骤：
1. 假设一个用户的 `tokenIn` 余额非常低，但他们希望获得较多的 `tokenOut`。
2. 用户使用 `isToken0` 参数调用 `swapInGivenOut` 函数，根据他们想要的代币类型设置该参数（如果想得到 `token0`，则设置 `isToken0 = true`，反之亦然），并设置相对于他们的 `tokenIn` 余额而言非常高的 `amountOut`。
3. 该函数计算保持池中常数（恒定乘积公式）不变所需的 `amountIn`，但没有验证用户的余额是否足以支付这个 `amountIn`。
4. 基于用户请求的 `amountOut`（减去2%的费用），`tokenOut` 被发送给用户，即使他们的 `tokenIn` 余额不足以覆盖所计算的 `amountIn`。
5. 合约随后尝试从用户的余额中转移 `amountIn` 的 `tokenIn`，此操作仅在 `amountIn` 完全不可用时失败，即用户余额为零时，交易才会不完全执行。
6. 如果用户有一些但不足的 `tokenIn`，交易将成功执行，从而利用该合约接收比基于他们的 `tokenIn` 余额应有的更多的 `tokenOut`。

#### 可能的危害：
这种漏洞允许用户不公平地耗尽流动性池的储备，或完成不受足够的交换代币支持的不平衡交易。这可能会耗尽池的储备，影响代币价格，并操纵市场条件。

整体而言，这不仅仅是一个疏忽，而是一个关键的漏洞，因为在执行交换前，需要检查足够的余额是否可用，而当前在提供的智能合约代码的 `swapInGivenOut` 函数中缺少这种检查。","","The establishment of the vulnerability within the `swapInGivenOut` function does not depend on the code of other unknown or unprovided contracts within the project. It is self-contained within the logic of handling balances and transactions of `tokenIn` and `tokenOut`, which are already defined within the context of this function. The necessary interactions (like balance checks, transfers, and invariant calculations) are internal to the function and pertain to the known tokens (`token0` and `token1`). Therefore, it does not rely on external calls or contract states outside those directly involved in and provided in the transaction logic of `swapInGivenOut`.

Hence, the result is:
```json
{
  ""result"": ""dont need In-project other contract""
}
```","{

    IERC20 token0;
    IERC20 token1;

    // LP balance
    mapping(address => uint) balances0;
    mapping(address => uint) balances1;

    constructor(address t0, address t1){
        token0 = IERC20(t0);
        token1 = IERC20(t1);
    }

    // ******** USERS SWAP ******** //

    function inGivenOut(
        uint256 balanceIn,
        uint256 balanceOut,
        uint256 amountOut
    ) internal pure returns (uint256) {
        /**********************************************************************************
        // Derived from Balancer                                                         //
        // aO = amountOut                                                                //
        // bO = balanceOut                                                               //
        // bI = balanceIn              /  /            bO             \        \         //
        // aI = amountIn    aI = bI * |  | --------------------------  |   - 1  |        //
        //                             \  \       ( bO - aO )         /        /         //
        //                                                                               //
        **********************************************************************************/

        // We split the operations in three steps for readeability
        // Division, minus one, and multiplication

        //      /            bO             \                     //
        //     | --------------------------  |                    //
        //      \       ( bO - aO )         /                     //
        uint division = balanceOut / (balanceOut - amountOut);

        //  1 - [...]
        uint256 factor = division - ONE;

        // aI = bI * [...]
        return mul(balanceIn,  factor);
    }

    // Swap the asset
    function swapInGivenOut(bool isToken0, uint amountOut) public invariantCheck(){
        IERC20 tokenIn = isToken0?token0:token1;
        IERC20 tokenOut = isToken0?token1:token0;

        uint balanceIn = tokenIn.balanceOf(address(this));
        uint balanceOut = tokenOut.balanceOf(address(this));

        // We take 2% fee
        amountOut = amountOut * 98 / 100;
        uint amountIn = inGivenOut(balanceIn, balanceOut, amountOut);

        tokenOut.transfer(msg.sender, amountOut);
        tokenIn.transferFrom(msg.sender, address(this), amountIn);
    }

    // Ensure that the k = xy invariant hold
    // This will be disabled for production to save gas
    modifier invariantCheck(){
        uint balanceInBefore = token0.balanceOf(address(this));
        uint balanceOutBefore = token1.balanceOf(address(this));

        uint k_before = balanceInBefore * balanceOutBefore;

        _;

        uint balanceInAfter = token0.balanceOf(address(this));
        uint balanceOutAfter = token1.balanceOf(address(this));

        require(k_before == balanceInAfter * balanceOutAfter);
    }

    // ******** LIQUIDITY PROVIDERS ******** //

    // User can deposit their token0
    function deposit(uint amount) external nonReentrant {
        token0.transferFrom(msg.sender, address(this), amount);
        balances0[msg.sender] += amount;
    }

    // User can withdraw their token0 and token1
    // We follow the check effect interaction pattern
    function withdraw(uint amount0, uint amount1) external {
        balances0[msg.sender] -= amount0;
        balances1[msg.sender] -= amount1;
        token0.transfer(msg.sender, amount0);
        token1.transfer(msg.sender, amount1);
    }

    // User can withdraw all their token0 and token1
    // nonReentrant to protect from reentrancies
    function withdrawAll() external nonReentrant {
        token0.transfer(msg.sender, balances0[msg.sender]);
        token1.transfer(msg.sender, balances1[msg.sender]);
        balances0[msg.sender] = 0;
        balances1[msg.sender] = 0;
    }
}","","","",98,101,./src/dataset/agent-v1-c4/tob/Tob.sol,/Users/xuxiangy/Desktop/trickPrompt-engine/src/dataset/agent-v1-c4/tob/Tob.sol,"","","function swapInGivenOut(bool isToken0, uint amountOut) public invariantCheck(){
        IERC20 tokenIn = isToken0?token0:token1;
        IERC20 tokenOut = isToken0?token1:token0;

        uint balanceIn = tokenIn.balanceOf(address(this));
        uint balanceOut = tokenOut.balanceOf(address(this));

        // We take 2% fee
        amountOut = amountOut * 98 / 100;
        uint amountIn = inGivenOut(balanceIn, balanceOut, amountOut);

        tokenOut.transfer(msg.sender, amountOut);
        tokenIn.transferFrom(msg.sender, address(this), amountIn);
    }
function withdraw(uint amount0, uint amount1) external {
        balances0[msg.sender] -= amount0;
        balances1[msg.sender] -= amount1;
        token0.transfer(msg.sender, amount0);
        token1.transfer(msg.sender, amount1);
    }
function deposit(uint amount) external nonReentrant {
        token0.transferFrom(msg.sender, address(this), amount);
        balances0[msg.sender] += amount;
    }","{""(64,77)"",""(105,110)"",""(98,101)""}","",1
98408,5ccf81068bfd5c281d89625c9454196f,tob,MyPool.deposit,"function deposit(uint amount) external nonReentrant {
        token0.transferFrom(msg.sender, address(this), amount);
        balances0[msg.sender] += amount;
    }",0.6681509624170568,"","","","","Upon revisiting the original smart contract code and analyzing step by step without drawing initial conclusions:

1. **Function Review:**
   - The `swapInGivenOut` function is designed to allow a user to swap tokens by providing a desired amount of token they wish to receive (`amountOut`), and the function computes the amount of token user must send (`amountIn`) using a helper function `inGivenOut`.

2. **Transfer Order:**
   - Inside `swapInGivenOut`, the contract sends tokens (`amountOut`) to the user first by executing `tokenOut.transfer(msg.sender, amountOut);`.
   - Subsequently, it attempts to collect the calculated `amountIn` from the user through `tokenIn.transferFrom(msg.sender, address(this), amountIn);`.

3. **Reentrancy Concern:**
   - The transfer of `tokenOut` before ensuring receipt of `tokenIn` does expose the function to potential reentrancy. If the calling address is a contract, it could potentially trigger fallback or receive functions that call back into this function, attempting to drain more tokens before `tokenIn` has been successfully transferred to the swapping contract.

4. **Contract State Changes:**
   - The state changes (updating internal balances) happen in other functions such as `withdraw` and `deposit`. In `swapInGivenOut`, however, the actual state (token balances in contract) is implicitly trusted to change correctly only after successful token transfers, making it vulnerable if reentrancy occurs.

5. **Preventive Measures:**
   - There's no reentrancy guard or check-effects-interactions pattern employed in `swapInGivenOut` to prevent such reentry from disrupting the token balance logic.

6. **Conclusion of Analysis:**
   - Given that `swapInGivenOut` could be subject to reentrancy attacks due to the order of token transfers and the lack of a reentrancy guard, the vulnerability does exist.

Based on the analysis provided and the order of operations observed in the smart contract:

```json
{
  ""result"": ""yes""
}
```
1. **Vulnerability Description:**
   The vulnerability lies in the `swapInGivenOut` function of this smart contract. Specifically, the issue is with the order of operations when transferring tokens. After calculating the fee and the amount of tokens required (`amountIn`) for the trade, the function first sends the `amountOut` of tokens from the contract to the user before it acquires the `amountIn` of tokens from the user. This sequence makes the function susceptible to a reentrancy attack.

2. **Step-by-Step Exploitation:**
   - Assume that the attacker controls an external contract (`AttackerContract`) capable of calling `swapInGivenOut`.
   - The Attacker implements a fallback or receive function in their `AttackerContract` that is triggered whenever it receives tokens, i.e., when `tokenOut.transfer(msg.sender, amountOut);` is executed.
   - The receiving fallback function on the `AttackerContract` can be designed to call back into `swapInGivenOut` before the initial transferFrom has completed. This recursion can be made possible because the swapInGivenOut function transfers out the tokens before taking tokens in from the sender.
   - This reentrancy loop can continue until it drains the `tokenOut` balance of the liquidity pool, thus exploiting the fact that `tokenIn.transferFrom(msg.sender, address(this), amountIn);` is executed after the outgoing transfer, potentially without ever transferring the required `tokenIn` amount back to the liquidity pool.

3. **Implementation Tips:**
   - To protect against this exploitation, it is recommended to change the order of operations in the `swapInGivenOut` function by ensuring that the contract first receives the tokens (`amountIn`) before sending out the tokens (`amountOut`). This change guarantees that the resources are available in the contract before they are sent out, protecting against reentrancy attacks.
   - Additionally, employing a reentrancy guard or checks-effects-interaction pattern would help mitigate such reentrancy risks. By adding a state variable that locks the contract during the execution of sensitive functions and prevents re-entry until completion, you can safeguard the function further.
","在智能合约的 `swapInGivenOut` 函数中存在一个漏洞，具体问题在于操作的执行顺序。在计算出交易所需的手续费和代币数量（`amountIn`）后，函数首先将合约中的代币数量（`amountOut`）发送给用户，然后才从用户那里获取（`amountIn`）的代币。这种操作顺序使得该函数容易受到重入攻击（reentrancy attack）的影响。

以下是如何通过这个漏洞进行攻击的逐步说明：
1. 假设攻击者控制一个外部合约（`AttackerContract`），该合约能够调用 `swapInGivenOut`。
2. 攻击者在他们的 `AttackerContract` 中实现一个回调或接收函数，该函数在接收代币时触发，即当 `tokenOut.transfer(msg.sender, amountOut);` 执行时。
3. 接收到代币的回调函数可以设计为在初始 `transferFrom` 完成之前回调进入 `swapInGivenOut`。这种递归可能会继续进行，直到它耗尽流动性池中的 `tokenOut` 余额，从而利用了 `tokenIn.transferFrom(msg.sender, address(this), amountIn);` 在发出代币后执行的事实，可能永远不会将所需的 `tokenIn` 数量转移回流动性池。

为了防止这种利用，建议更改 `swapInGivenOut` 函数中的操作顺序，确保合约在发送代币（`amountOut`）之前先获取代币（`amountIn`）。这种改变确保资源在发送出去之前已经可用于合约，保护了合约免受重入攻击。此外，实施重入保护或效验-影响-交互模式也有助于减轻此类重入风险。通过添加一个状态变量，在执行敏感函数期间锁定合约并在完成之前防止重入，可以进一步保护函数安全。","","The vulnerability described in the `swapInGivenOut` function primarily depends on the function's own sequence of operations and the standard behavior of ERC20 token transfers, which can trigger calls to other contracts if those are designed to exploit such weaknesses. 

The exploitation of this vulnerability involves a scheme where an attacker-controlled contract receives tokens (`tokenOut.transfer(msg.sender, amountOut)`) and re-enters the `swapInGivenOut` function before the original operation completes (`tokenIn.transferFrom(msg.sender, address(this), amountIn)`). The potential for reentrancy attacks like this generally involves external calls (like `tokenOut.transfer` and `tokenIn.transferFrom`) that interact with contracts not defined here but which follow the ERC20 standard.

Therefore, this reentrancy vulnerability can indeed be triggered by code in other, external contracts that are designed to exploit the incorrect order of operations seen in `swapInGivenOut`. However, the vulnerability itself (the fact that the code in `swapInGivenOut` allows for this type of interaction) does not necessarily depend on specific other contracts' inner workings within the project; rather, it is affected by any external call to a correctly functioning ERC20 token contract.

```json
{
  ""result"": ""need In-project other contract""
}
```","{

    IERC20 token0;
    IERC20 token1;

    // LP balance
    mapping(address => uint) balances0;
    mapping(address => uint) balances1;

    constructor(address t0, address t1){
        token0 = IERC20(t0);
        token1 = IERC20(t1);
    }

    // ******** USERS SWAP ******** //

    function inGivenOut(
        uint256 balanceIn,
        uint256 balanceOut,
        uint256 amountOut
    ) internal pure returns (uint256) {
        /**********************************************************************************
        // Derived from Balancer                                                         //
        // aO = amountOut                                                                //
        // bO = balanceOut                                                               //
        // bI = balanceIn              /  /            bO             \        \         //
        // aI = amountIn    aI = bI * |  | --------------------------  |   - 1  |        //
        //                             \  \       ( bO - aO )         /        /         //
        //                                                                               //
        **********************************************************************************/

        // We split the operations in three steps for readeability
        // Division, minus one, and multiplication

        //      /            bO             \                     //
        //     | --------------------------  |                    //
        //      \       ( bO - aO )         /                     //
        uint division = balanceOut / (balanceOut - amountOut);

        //  1 - [...]
        uint256 factor = division - ONE;

        // aI = bI * [...]
        return mul(balanceIn,  factor);
    }

    // Swap the asset
    function swapInGivenOut(bool isToken0, uint amountOut) public invariantCheck(){
        IERC20 tokenIn = isToken0?token0:token1;
        IERC20 tokenOut = isToken0?token1:token0;

        uint balanceIn = tokenIn.balanceOf(address(this));
        uint balanceOut = tokenOut.balanceOf(address(this));

        // We take 2% fee
        amountOut = amountOut * 98 / 100;
        uint amountIn = inGivenOut(balanceIn, balanceOut, amountOut);

        tokenOut.transfer(msg.sender, amountOut);
        tokenIn.transferFrom(msg.sender, address(this), amountIn);
    }

    // Ensure that the k = xy invariant hold
    // This will be disabled for production to save gas
    modifier invariantCheck(){
        uint balanceInBefore = token0.balanceOf(address(this));
        uint balanceOutBefore = token1.balanceOf(address(this));

        uint k_before = balanceInBefore * balanceOutBefore;

        _;

        uint balanceInAfter = token0.balanceOf(address(this));
        uint balanceOutAfter = token1.balanceOf(address(this));

        require(k_before == balanceInAfter * balanceOutAfter);
    }

    // ******** LIQUIDITY PROVIDERS ******** //

    // User can deposit their token0
    function deposit(uint amount) external nonReentrant {
        token0.transferFrom(msg.sender, address(this), amount);
        balances0[msg.sender] += amount;
    }

    // User can withdraw their token0 and token1
    // We follow the check effect interaction pattern
    function withdraw(uint amount0, uint amount1) external {
        balances0[msg.sender] -= amount0;
        balances1[msg.sender] -= amount1;
        token0.transfer(msg.sender, amount0);
        token1.transfer(msg.sender, amount1);
    }

    // User can withdraw all their token0 and token1
    // nonReentrant to protect from reentrancies
    function withdrawAll() external nonReentrant {
        token0.transfer(msg.sender, balances0[msg.sender]);
        token1.transfer(msg.sender, balances1[msg.sender]);
        balances0[msg.sender] = 0;
        balances1[msg.sender] = 0;
    }
}","","","",98,101,./src/dataset/agent-v1-c4/tob/Tob.sol,/Users/xuxiangy/Desktop/trickPrompt-engine/src/dataset/agent-v1-c4/tob/Tob.sol,"","","function swapInGivenOut(bool isToken0, uint amountOut) public invariantCheck(){
        IERC20 tokenIn = isToken0?token0:token1;
        IERC20 tokenOut = isToken0?token1:token0;

        uint balanceIn = tokenIn.balanceOf(address(this));
        uint balanceOut = tokenOut.balanceOf(address(this));

        // We take 2% fee
        amountOut = amountOut * 98 / 100;
        uint amountIn = inGivenOut(balanceIn, balanceOut, amountOut);

        tokenOut.transfer(msg.sender, amountOut);
        tokenIn.transferFrom(msg.sender, address(this), amountIn);
    }
function withdraw(uint amount0, uint amount1) external {
        balances0[msg.sender] -= amount0;
        balances1[msg.sender] -= amount1;
        token0.transfer(msg.sender, amount0);
        token1.transfer(msg.sender, amount1);
    }
function deposit(uint amount) external nonReentrant {
        token0.transferFrom(msg.sender, address(this), amount);
        balances0[msg.sender] += amount;
    }","{""(64,77)"",""(105,110)"",""(98,101)""}","",1
98409,42612fae3055ba9de7ffed95e140b8b3,tob,MyPool.deposit,"function deposit(uint amount) external nonReentrant {
        token0.transferFrom(msg.sender, address(this), amount);
        balances0[msg.sender] += amount;
    }",0.8027043817080599,"","","","","Analyzing the given smart contract function `swapInGivenOut` step by step:

1. **Variable Definitions**:
   - `tokenIn` and `tokenOut` are defined based on the `isToken0` boolean, switching between `token0` and `token1` respectively.

2. **Balance Retrieval**:
   - Get balances of `tokenIn` and `tokenOut` available in the contract with `balanceIn = tokenIn.balanceOf(address(this))` and `balanceOut = tokenOut.balanceOf(address(this))`.

3. **Fee Adjustment**:
   - The `amountOut` requested by the user is modified to deduct a 2% fee: `amountOut = amountOut * 98 / 100`.

4. **Amount Calculation**:
   - The required `amountIn` for the requested (and adjusted) `amountOut` is calculated supposedly by a function `inGivenOut(balanceIn, balanceOut, amountOut)`. The exact computation within this function isn't provided, but it's assumed to calculate the input amount required using the balance info.

5. **Token Transfer**:
   - `tokenOut.transfer(msg.sender, amountOut)` attempts to transfer the adjusted `amountOut` to the user.
   - `tokenIn.transferFrom(msg.sender, address(this), amountIn)` requests `amountIn` tokens from the user’s wallet to the contract.

Potential issues and considerations:
- If `amountIn` exceeds `balanceIn`, no explicit check is performed before the transfer attempt.
- Solidity typically disallows negative balances by default via the SafeMath library or `require` checks in modern implementations.
- However, the hypothetical function `inGivenOut` might calculate a high `amountIn` if `balanceOut` is disproportionally higher than `balanceIn`.

**Conclusion**:
The provided code lacks explicit checks for the sufficiency of `tokenIn` balance before allowing the swap transaction, relying on the behavior that the ERC-20 token standard would not allow tokens to be transferred if the balance is insufficient. However, assuming the scenario where Solidity might handle transfer of more tokens than available from the function, without any revert scenario mentioned, would be presumptive without further code insight, especially not seeing the actual `inGivenOut` implementation.

Hence, while the code does not explicitly safeguard against outstripping internal balances (""checks-effects-interactions"" pattern missing), the exploitability of such an issue may depend on further context such as `inGivenOut` specifics and underlying ERC20 token implementations.

Therefore, absent explicit code parsing details for potential underflow through the token transfer functions, assuming correct ERC-20 implementation that should revert on insufficient balance, the likelihood of actual vulnerability exploitation, leading to an insolvency situation as described, would be potentially low under typical conditions, but possibly higher under unusual or misconfigured implementations. Therefore, the conclusion is:

```json
{""result"":""low possibility""}
```
### Vulnerability Description:
The primary logical vulnerability is located in the `swapInGivenOut` function. Specifically, the calculation of `amountIn` is not properly considering if the balance of `tokenIn` in the contract (`balanceIn`) is sufficient to perform the swap after calculating the required `amountIn` using `inGivenOut`. Moreover, there's no check to determine if the swap can be proceeded with the derived `amountIn`. This allows an exploit where `tokenIn` can reach a negative balance under the contract's control, theoretically leading to an insolvency state.

### Step-by-Step Exploit:
1. **Setup Conditions**: Ensure the contract has a very low balance of `tokenIn` relative to `tokenOut`. For instance, let `tokenIn` have 10 tokens and `tokenOut` have 10,000 tokens. The significant imbalance facilitates the exploit.

2. **Initiate Over-demanding Swap**: Call `swapInGivenOut` with `isToken0` set such that `tokenIn` is chosen based on the imbalance configuration. Request an `amountOut` close to or equal to the total balance of `tokenOut` (e.g., asking for 9800 tokens out of 10000 of `tokenOut`). This forces the `inGivenOut` calculation to require an exceedingly high amount of `tokenIn` in exchange—potentially more than exists in the contract.

3. **Calculation of `amountIn` Exceeds `tokenIn` Balance**: Due to the imbalance and high demand, `inGivenOut` outputs a value which can far exceed the available `tokenIn` balance. The Absence of a check to validate whether the resultant `amountIn` is available in the contract leads to the actual execution of the transaction where `amountIn` is higher than `balanceIn`.

4. **Results of the Transaction**: Post transaction, the `tokenIn`’s balance theoretically or practically goes into a deficit (negative balance), which the Solidity environment generally handles as underflow, but due to constraints of the problem statement, we have to assume numbers are always positive, resulting in an invalid financial state of the contract – creating tokens out of thin air or locking the functionality because of mismatched balances.

5. **Repeating Attack**: The exploit could be repeated if initial conditions are reset or the contract is continuously funded with a minimal `tokenIn`. Each iteration exacerbates the insolvency of the contract.

### Summary:
The attack relies on the high request of `amountOut` leading to a disproportionately high `amountIn` demand based on the `inGivenOut` function, without verifying that such an `amountIn` is available. Given the specified constraints, this logical flaw turns critical as it affects the financial integrity and actual function of the contract. Adding a safeguard check to ensure `amountIn <= balanceIn` before proceeding with the transfers could mitigate this vulnerability.","在智能合约函数 `swapInGivenOut` 中的主要逻辑漏洞存在于没有适当考虑在执行交换之后，合同中的 `tokenIn` 余额（`balanceIn`）是否足够进行交换。更具体地说，通过 `inGivenOut` 计算所需的 `amountIn` 时，并没有检查是否由此得出的 `amountIn` 可用。这允许存在一个漏洞，即 `tokenIn` 可以在合同的控制下达到负余额，理论上导致合同状态的不稳定。

### 步骤说明：
1. **设置条件**：确保合同中的 `tokenIn` 相对于 `tokenOut` 有非常低的余额。例如，让 `tokenIn` 有10个代币，而 `tokenOut` 有10,000个代币。显著的不平衡有利于攻击的实施。
 
2. **发起过度需求的交换**：调用 `swapInGivenOut` 并设置 `isToken0`以便基于不平衡配置选择 `tokenIn`。请求一个接近或等于 `tokenOut` 总余额的 `amountOut`（例如，要求从10000的 `tokenOut` 中获取9800代币）。这迫使 `inGivenOut` 计算要求以换取的 `tokenIn` 数量极高——可能超过合同中存在的数量。

3. **计算得出的 `amountIn` 超过 `tokenIn` 余额**：由于不平衡和高需求，`inGivenOut` 输出一个可能远超合同中可用的 `tokenIn` 余额的值。由于没有检查来验证结果 `amountIn` 是否可用，实际执行的交易中 `amountIn` 高于 `balanceIn`。

4. **交易结果**：交易后，理论上或实际上 `tokenIn` 的余额进入赤字（负余额），这在 Solidity 环境中通常被视为下溢，但由于问题说明的限制，我们必须假设数字始终为正，导致合同的财务状况无效 —— 凭空创造代币或因余额不匹配而锁定功能。

5. **重复攻击**：如果初始条件被重置或合同持续用最小的 `tokenIn` 资金化，可以重复这种攻击。每次迭代都会加剧合同的不稳定。

### 总结：
此攻击依赖于高 `amountOut` 请求导致基于 `inGivenOut` 函数的不成比例的高 `amountIn` 需求，而没有验证这样的 `amountIn` 是否可用。考虑到指定的约束，这个逻辑缺陷变得关键，因为它影响合约的财务完整性和实际功能。添加一个安全检查以确保在进行转账前 `amountIn <= balanceIn` 可以缓解此漏洞。","",{'result':'dont need In-project other contract'},"{

    IERC20 token0;
    IERC20 token1;

    // LP balance
    mapping(address => uint) balances0;
    mapping(address => uint) balances1;

    constructor(address t0, address t1){
        token0 = IERC20(t0);
        token1 = IERC20(t1);
    }

    // ******** USERS SWAP ******** //

    function inGivenOut(
        uint256 balanceIn,
        uint256 balanceOut,
        uint256 amountOut
    ) internal pure returns (uint256) {
        /**********************************************************************************
        // Derived from Balancer                                                         //
        // aO = amountOut                                                                //
        // bO = balanceOut                                                               //
        // bI = balanceIn              /  /            bO             \        \         //
        // aI = amountIn    aI = bI * |  | --------------------------  |   - 1  |        //
        //                             \  \       ( bO - aO )         /        /         //
        //                                                                               //
        **********************************************************************************/

        // We split the operations in three steps for readeability
        // Division, minus one, and multiplication

        //      /            bO             \                     //
        //     | --------------------------  |                    //
        //      \       ( bO - aO )         /                     //
        uint division = balanceOut / (balanceOut - amountOut);

        //  1 - [...]
        uint256 factor = division - ONE;

        // aI = bI * [...]
        return mul(balanceIn,  factor);
    }

    // Swap the asset
    function swapInGivenOut(bool isToken0, uint amountOut) public invariantCheck(){
        IERC20 tokenIn = isToken0?token0:token1;
        IERC20 tokenOut = isToken0?token1:token0;

        uint balanceIn = tokenIn.balanceOf(address(this));
        uint balanceOut = tokenOut.balanceOf(address(this));

        // We take 2% fee
        amountOut = amountOut * 98 / 100;
        uint amountIn = inGivenOut(balanceIn, balanceOut, amountOut);

        tokenOut.transfer(msg.sender, amountOut);
        tokenIn.transferFrom(msg.sender, address(this), amountIn);
    }

    // Ensure that the k = xy invariant hold
    // This will be disabled for production to save gas
    modifier invariantCheck(){
        uint balanceInBefore = token0.balanceOf(address(this));
        uint balanceOutBefore = token1.balanceOf(address(this));

        uint k_before = balanceInBefore * balanceOutBefore;

        _;

        uint balanceInAfter = token0.balanceOf(address(this));
        uint balanceOutAfter = token1.balanceOf(address(this));

        require(k_before == balanceInAfter * balanceOutAfter);
    }

    // ******** LIQUIDITY PROVIDERS ******** //

    // User can deposit their token0
    function deposit(uint amount) external nonReentrant {
        token0.transferFrom(msg.sender, address(this), amount);
        balances0[msg.sender] += amount;
    }

    // User can withdraw their token0 and token1
    // We follow the check effect interaction pattern
    function withdraw(uint amount0, uint amount1) external {
        balances0[msg.sender] -= amount0;
        balances1[msg.sender] -= amount1;
        token0.transfer(msg.sender, amount0);
        token1.transfer(msg.sender, amount1);
    }

    // User can withdraw all their token0 and token1
    // nonReentrant to protect from reentrancies
    function withdrawAll() external nonReentrant {
        token0.transfer(msg.sender, balances0[msg.sender]);
        token1.transfer(msg.sender, balances1[msg.sender]);
        balances0[msg.sender] = 0;
        balances1[msg.sender] = 0;
    }
}","","","",98,101,./src/dataset/agent-v1-c4/tob/Tob.sol,/Users/xuxiangy/Desktop/trickPrompt-engine/src/dataset/agent-v1-c4/tob/Tob.sol,"","","function swapInGivenOut(bool isToken0, uint amountOut) public invariantCheck(){
        IERC20 tokenIn = isToken0?token0:token1;
        IERC20 tokenOut = isToken0?token1:token0;

        uint balanceIn = tokenIn.balanceOf(address(this));
        uint balanceOut = tokenOut.balanceOf(address(this));

        // We take 2% fee
        amountOut = amountOut * 98 / 100;
        uint amountIn = inGivenOut(balanceIn, balanceOut, amountOut);

        tokenOut.transfer(msg.sender, amountOut);
        tokenIn.transferFrom(msg.sender, address(this), amountIn);
    }
function withdraw(uint amount0, uint amount1) external {
        balances0[msg.sender] -= amount0;
        balances1[msg.sender] -= amount1;
        token0.transfer(msg.sender, amount0);
        token1.transfer(msg.sender, amount1);
    }
function deposit(uint amount) external nonReentrant {
        token0.transferFrom(msg.sender, address(this), amount);
        balances0[msg.sender] += amount;
    }","{""(64,77)"",""(105,110)"",""(98,101)""}","",1
98412,3dfc5d3f7c56c6b5cf7958a9c8ebd257,tob,MyPool.withdraw,"function withdraw(uint amount0, uint amount1) external {
        balances0[msg.sender] -= amount0;
        balances1[msg.sender] -= amount1;
        token0.transfer(msg.sender, amount0);
        token1.transfer(msg.sender, amount1);
    }",0.6390213782605567,"","","","","Let's break down the steps of the provided `withdraw` function:

1. **Balance Deduction**:
   - `balances0[msg.sender] -= amount0;`
   - `balances1[msg.sender] -= amount1;`
   
   These lines subtract the specified withdrawal amounts from the stored balances of `token0` and `token1` correspondingly for `msg.sender`.

2. **Token Transfer**:
   - `token0.transfer(msg.sender, amount0);`
   - `token1.transfer(msg.sender, amount1);`
   
   These commands intend to transfer the specified amounts of `token0` and `token1` to `msg.sender`.

The critical step to examine here is the subtraction operation on balances. In Solidity, unless properly handled using libraries like OpenZeppelin's SafeMath, subtraction could result in an integer underflow if the left operand is smaller than the right operand. This means if `balances0[msg.sender]` or `balances1[msg.sender]` is less than `amount0` or `amount1` respectively, the stored balance could wrap around to a very high value.

If `token0` or `token1`'s `transfer` method does not verify the actual token balances and relies on the values passed to it, and in absence of balance checks or using older versions of the EVM/Solidity compiler without automatic overflow checks, it could potentially allow the transfer to proceed with unowned tokens. This, however, is contingent on the specifics of token contract implementations. 

Most modern token contracts perform balance checks before transferring tokens, which would likely prevent unauthorized transfers even in the case of underflows in the balance values stored in this contract.

Without more information about the token contract's implementation (e.g., whether it uses the latest standards with overflow protections), it's somewhat uncertain but there is still a conceivable risk if the token transfer methods are inadequately protected. Assuming a more cautionary perspective given the typical pitfalls in smart contract development:

```json
{
    ""result"": ""high possibility""
}
```
### Vulnerability Description
The critical vulnerability in the given smart contract code is associated with the lack of balance checks before executing the token transfer commands. The `withdraw` function deducts the amount from the user's balance before transferring the tokens to them. However, it lacks a crucial check to verify if the user's balance (for both token0 and token1) is sufficient to perform the subtraction operation.

### Exploitation Steps
1. Assume an user (attacker) with insufficient or zero token balances, i.e., `balances0[msg.sender] = 0` and `balances1[msg.sender] = 0`.
2. The attacker calls the `withdraw` function with any `amount0 > 0` and `amount1 > 0`. 
3. Since there are no checks in place to ensure `balances0[msg.sender] >= amount0` and `balances1[msg.sender] >= amount1`, the balance updates will proceed without any errors:
    - `balances0[msg.sender] -= amount0;` This operation would set `balances0[msg.sender]` to a large underflow value due to integer underflow (handled by safemath to prevent direct overflow but results in incorrect accounting).
    - `balances1[msg.sender] -= amount1;` Similar to above, this results in a large underflow value for `balances1[msg.sender]`.
4. Next, `token0.transfer(msg.sender, amount0)` and `token1.transfer(msg.sender, amount1)` will be called. Since integer underflow manipulations in balances might not cause an automatic revert and depending on the implementation of the token may allow the transfer to proceed, the attacker could potentially withdraw tokens they don’t own.
5. This results in incorrect token transfer, effectively allowing an attacker to drain resources from the contract unjustifiably.

### Conclusion
The exploit can be patched by incorporating balance checks before proceeding with any withdrawal operations:
```solidity
function withdraw(uint amount0, uint amount1) external {
    require(balances0[msg.sender] >= amount0, ""Insufficient token0 balance"");
    require(balances1[msg.sender] >= amount1, ""Insufficient token1 balance"");

    balances0[msg.sender] -= amount0;
    balances1[msg.sender] -= amount1;
    token0.transfer(msg.sender, amount0);
    token1.transfer(msg.sender, amount1);
}
```
This adjustment ensures that only users with sufficient token balances can withdraw their tokens, thus eliminating the described exploit in the smart contract code.","在给定的智能合约代码中，一个关键的漏洞与在执行代币转移命令之前没有进行余额检查有关。`withdraw` 函数在将代币转移到用户之前从用户的余额中扣除金额。然而，它缺乏一个关键的检查来验证用户的余额（对于 token0 和 token1）是否足够进行减法操作。

### 漏洞利用步骤
1. 假设一个用户（攻击者）拥有不足或零代币余额，即 `balances0[msg.sender] = 0` 和 `balances1[msg.sender] = 0`。
2. 攻击者调用 `withdraw` 函数，带任何 `amount0 > 0` 和 `amount1 > 0`。
3. 由于没有检查来确保 `balances0[msg.sender] >= amount0` 和 `balances1[msg.sender] >= amount1`，余额更新将无错误地继续:
   - `balances0[msg.sender] -= amount0;` 此操作会由于整数下溢将 `balances0[msg.sender]` 设置成一个很大的下溢值（通过 safemath 处理来防止直接溢出，但结果是账目错误）。
   - `balances1[msg.sender] -= amount1;` 类似于上面，这会为 `balances1[msg.sender]` 产生一个很大的下溢值。
4. 接下来，调用 `token0.transfer(msg.sender, amount0)` 和 `token1.transfer(msg.sender, amount1)`。因为在余额中的整数下溢操作可能不会导致自动还原，且取决于代币的实施可能允许转移继续，攻击者可能潜在地提取他们并不拥有的代币。
5. 这导致不正确的代币转移，实际上允许攻击者无理由地从合约中排干资源。

### 解决方法
通过在进行任何提取操作之前纳入余额检查，可以修补该漏洞：
```solidity
function withdraw(uint amount0, uint amount1) external {
    require(balances0[msg.sender] >= amount0, ""Insufficient token0 balance"");
    require(balances1[msg.sender] >= amount1, ""Insufficient token1 balance"");

    balances0[msg.sender] -= amount0;
    balances1[msg.sender] -= amount1;
    token0.transfer(msg.sender, amount0);
    token1.transfer(msg.sender, amount1);
}
```
这个调整确保只有拥有足够代币余额的用户可以提取他们的代币，从而消除了智能合约代码中描述的漏洞。","","The specific vulnerability identified (integer underflow resulting in incorrect balance updates and unauthorized withdrawals) is intrinsic to the provided function `withdraw` and does not depend on the external code of other contracts or their state within the project. It stems purely from the incorrect handling of balance checks and arithmetic within the function itself before making token transfers. The resolution is entirely within the confines of adjusting the `withdraw` function to ensure proper balance checks are done prior to any subtraction.

The corresponding JSON output confirming this conclusion would be:

```json
{'result':'dont need In-project other contract'}
```","{

    IERC20 token0;
    IERC20 token1;

    // LP balance
    mapping(address => uint) balances0;
    mapping(address => uint) balances1;

    constructor(address t0, address t1){
        token0 = IERC20(t0);
        token1 = IERC20(t1);
    }

    // ******** USERS SWAP ******** //

    function inGivenOut(
        uint256 balanceIn,
        uint256 balanceOut,
        uint256 amountOut
    ) internal pure returns (uint256) {
        /**********************************************************************************
        // Derived from Balancer                                                         //
        // aO = amountOut                                                                //
        // bO = balanceOut                                                               //
        // bI = balanceIn              /  /            bO             \        \         //
        // aI = amountIn    aI = bI * |  | --------------------------  |   - 1  |        //
        //                             \  \       ( bO - aO )         /        /         //
        //                                                                               //
        **********************************************************************************/

        // We split the operations in three steps for readeability
        // Division, minus one, and multiplication

        //      /            bO             \                     //
        //     | --------------------------  |                    //
        //      \       ( bO - aO )         /                     //
        uint division = balanceOut / (balanceOut - amountOut);

        //  1 - [...]
        uint256 factor = division - ONE;

        // aI = bI * [...]
        return mul(balanceIn,  factor);
    }

    // Swap the asset
    function swapInGivenOut(bool isToken0, uint amountOut) public invariantCheck(){
        IERC20 tokenIn = isToken0?token0:token1;
        IERC20 tokenOut = isToken0?token1:token0;

        uint balanceIn = tokenIn.balanceOf(address(this));
        uint balanceOut = tokenOut.balanceOf(address(this));

        // We take 2% fee
        amountOut = amountOut * 98 / 100;
        uint amountIn = inGivenOut(balanceIn, balanceOut, amountOut);

        tokenOut.transfer(msg.sender, amountOut);
        tokenIn.transferFrom(msg.sender, address(this), amountIn);
    }

    // Ensure that the k = xy invariant hold
    // This will be disabled for production to save gas
    modifier invariantCheck(){
        uint balanceInBefore = token0.balanceOf(address(this));
        uint balanceOutBefore = token1.balanceOf(address(this));

        uint k_before = balanceInBefore * balanceOutBefore;

        _;

        uint balanceInAfter = token0.balanceOf(address(this));
        uint balanceOutAfter = token1.balanceOf(address(this));

        require(k_before == balanceInAfter * balanceOutAfter);
    }

    // ******** LIQUIDITY PROVIDERS ******** //

    // User can deposit their token0
    function deposit(uint amount) external nonReentrant {
        token0.transferFrom(msg.sender, address(this), amount);
        balances0[msg.sender] += amount;
    }

    // User can withdraw their token0 and token1
    // We follow the check effect interaction pattern
    function withdraw(uint amount0, uint amount1) external {
        balances0[msg.sender] -= amount0;
        balances1[msg.sender] -= amount1;
        token0.transfer(msg.sender, amount0);
        token1.transfer(msg.sender, amount1);
    }

    // User can withdraw all their token0 and token1
    // nonReentrant to protect from reentrancies
    function withdrawAll() external nonReentrant {
        token0.transfer(msg.sender, balances0[msg.sender]);
        token1.transfer(msg.sender, balances1[msg.sender]);
        balances0[msg.sender] = 0;
        balances1[msg.sender] = 0;
    }
}","","","",105,110,./src/dataset/agent-v1-c4/tob/Tob.sol,/Users/xuxiangy/Desktop/trickPrompt-engine/src/dataset/agent-v1-c4/tob/Tob.sol,"","","function withdraw(uint amount0, uint amount1) external {
        balances0[msg.sender] -= amount0;
        balances1[msg.sender] -= amount1;
        token0.transfer(msg.sender, amount0);
        token1.transfer(msg.sender, amount1);
    }","{""(105,110)""}","",1
98414,bf9fd1ea5dc377f1918536103823d1c0,tob,MyPool.withdraw,"function withdraw(uint amount0, uint amount1) external {
        balances0[msg.sender] -= amount0;
        balances1[msg.sender] -= amount1;
        token0.transfer(msg.sender, amount0);
        token1.transfer(msg.sender, amount1);
    }",0.029238427044687265,"","","","","{
    ""result"": ""high possibility""
}
### Vulnerability Description

The vulnerability in the code lies in the ordering of balance deductions and the token transfers in the `withdraw` function. Specifically, the code first deducts the amounts from the balances, then attempts to transfer the tokens. This ordering introduces a reentrancy vulnerability.

### Step-by-Step Exploitation

1. **Initial Setup**: Suppose an attacker has some balance of `token0` and `token1` in the contract, let's say 100 units each.

2. **Reentrancy Setup**: The attacker crafts a contract (`AttackerContract`) that has a fallback function or a function designed to be called when it receives tokens. This function is coded to call `withdraw()` on the original contract again.

3. **Calling Withdraw**: 
   - The attacker calls `withdraw(50, 50)` from `AttackerContract`.
   - `withdraw` function in the original contract deducts 50 tokens each from `token0` and `token1` from the attacker's balances, so balances are now 50 each.
   - The contract then attempts to transfer 50 `token0` and 50 `token1` to `AttackerContract`.

4. **Triggering Reentrancy from Token Transfer**:
   - As soon as `AttackerContract` receives the tokens, it triggers the fallback function or the specific receiving function.
   - This function now calls `withdraw(50, 50)` again on the original contract.
   
5. **Recursive Withdraw Entry**:
   - The original contract now enters `withdraw(50, 50)` again due to the reentrant call.
   - The balances were already deducted to 50 each in the initial withdraw call.
   - It will deduct another 50 each in this reentrant call, resulting in a balance of 0 each, despite 50 of each token still being technically in transfer.

6. **Completion of Transfers**:
   - After the reentrancy executions complete, the initial transaction resumes and ends up transferring the initial requested tokens (50 each of `token0` and `token1`).
   - The attack results in the attacker withdrawing more than their initial balance of tokens due to the repeated deductions not being validated against the prior transaction's state.

### Correction

To fix this vulnerability, the contract should check for balances and execute transfers before altering the internal state (the balances in this case). This prevents the re-entrant call from interacting with the modified state prematurely. Here's an updated version of the function:

```solidity
function withdraw(uint amount0, uint amount1) external {
    require(balances0[msg.sender] >= amount0 && balances1[msg.sender] >= amount1, ""Insufficient Balance"");
    
    token0.transfer(msg.sender, amount0);
    token1.transfer(msg.sender, amount1);
    
    balances0[msg.sender] -= amount0;
    balances1[msg.sender] -= amount1;
}
```

This modification ensures that the state is only updated after the assets have been successfully transferred, mitigating the reentrancy threat by adhering to the checks-effects-interactions pattern.","这个代码中的漏洞源于 `withdraw` 函数中余额扣除和代币转移的顺序。具体来说，代码首先从余额中扣除相应的数量，然后尝试转移代币。这种顺序引入了重入性漏洞。

### 重入性漏洞的详细利用步骤：

1. **初始设置**：假设攻击者在合约中的 `token0` 和 `token1` 余额各为100单位。

2. **重入设置**：攻击者创建一个合约（`AttackerContract`），该合约包含一个回调函数或专门为接收代币而设计的函数。此函数被编码为在接收代币时再次调用原始合约的 `withdraw()`。

3. **调用提现**： 
   - 攻击者从 `AttackerContract` 调用 `withdraw(50, 50)`。
   - 原始合约中的 `withdraw` 函数将攻击者的 `token0` 和 `token1` 减去50，所以余额现在各为50。
   - 然后合约尝试将50 `token0` 和 50 `token1` 转移到 `AttackerContract`。

4. **通过代币转移触发重入**：
   - 当 `AttackerContract` 接收到代币时，触发回调函数或特定的接收函数。
   - 该函数现在再次在原始合约上调用 `withdraw(50, 50)`。
   
5. **递归调用提现**：
   - 由于重入调用，原始合约再次进入 `withdraw(50, 50)`。
   - 在最初的提现调用中，余额已经减到各50。
   - 在这个重入调用中，它再减去50，结果余额为0，尽管事实上还有50个代币处于转移状态。

6. **完成转移**：
   - 完成重入执行后，初步交易恢复并结束，转移了最初请求的代币（各50 `token0` 和 `token1`）。
   - 攻击结果使得攻击者提取的代币数量超过了他们最初的余额，因为重复扣除没有针对之前交易的状态进行验证。

### 修复方法

为了修复这种漏洞，合约应该在更改内部状态（本例中是余额）之前检查余额并执行转移。这可以防止重入调用过早地与修改后的状态交互。下面是更新后的函数版本：

```solidity
function withdraw(uint amount0, uint amount1) external {
    require(balances0[msg.sender] >= amount0 && balances1[msg.sender] >= amount1, ""Insufficient Balance"");
    
    token0.transfer(msg.sender, amount0);
    token1.transfer(msg.sender, amount1);
    
    balances0[msg.sender] -= amount0;
    balances1[msg.sender] -= amount1;
}
```

此修改确保只有在资产成功转移后再更新状态，通过遵守查验-效应-交互模式来缓解重入性威胁。","",{'result':'dont need In-project other contract'},"{

    IERC20 token0;
    IERC20 token1;

    // LP balance
    mapping(address => uint) balances0;
    mapping(address => uint) balances1;

    constructor(address t0, address t1){
        token0 = IERC20(t0);
        token1 = IERC20(t1);
    }

    // ******** USERS SWAP ******** //

    function inGivenOut(
        uint256 balanceIn,
        uint256 balanceOut,
        uint256 amountOut
    ) internal pure returns (uint256) {
        /**********************************************************************************
        // Derived from Balancer                                                         //
        // aO = amountOut                                                                //
        // bO = balanceOut                                                               //
        // bI = balanceIn              /  /            bO             \        \         //
        // aI = amountIn    aI = bI * |  | --------------------------  |   - 1  |        //
        //                             \  \       ( bO - aO )         /        /         //
        //                                                                               //
        **********************************************************************************/

        // We split the operations in three steps for readeability
        // Division, minus one, and multiplication

        //      /            bO             \                     //
        //     | --------------------------  |                    //
        //      \       ( bO - aO )         /                     //
        uint division = balanceOut / (balanceOut - amountOut);

        //  1 - [...]
        uint256 factor = division - ONE;

        // aI = bI * [...]
        return mul(balanceIn,  factor);
    }

    // Swap the asset
    function swapInGivenOut(bool isToken0, uint amountOut) public invariantCheck(){
        IERC20 tokenIn = isToken0?token0:token1;
        IERC20 tokenOut = isToken0?token1:token0;

        uint balanceIn = tokenIn.balanceOf(address(this));
        uint balanceOut = tokenOut.balanceOf(address(this));

        // We take 2% fee
        amountOut = amountOut * 98 / 100;
        uint amountIn = inGivenOut(balanceIn, balanceOut, amountOut);

        tokenOut.transfer(msg.sender, amountOut);
        tokenIn.transferFrom(msg.sender, address(this), amountIn);
    }

    // Ensure that the k = xy invariant hold
    // This will be disabled for production to save gas
    modifier invariantCheck(){
        uint balanceInBefore = token0.balanceOf(address(this));
        uint balanceOutBefore = token1.balanceOf(address(this));

        uint k_before = balanceInBefore * balanceOutBefore;

        _;

        uint balanceInAfter = token0.balanceOf(address(this));
        uint balanceOutAfter = token1.balanceOf(address(this));

        require(k_before == balanceInAfter * balanceOutAfter);
    }

    // ******** LIQUIDITY PROVIDERS ******** //

    // User can deposit their token0
    function deposit(uint amount) external nonReentrant {
        token0.transferFrom(msg.sender, address(this), amount);
        balances0[msg.sender] += amount;
    }

    // User can withdraw their token0 and token1
    // We follow the check effect interaction pattern
    function withdraw(uint amount0, uint amount1) external {
        balances0[msg.sender] -= amount0;
        balances1[msg.sender] -= amount1;
        token0.transfer(msg.sender, amount0);
        token1.transfer(msg.sender, amount1);
    }

    // User can withdraw all their token0 and token1
    // nonReentrant to protect from reentrancies
    function withdrawAll() external nonReentrant {
        token0.transfer(msg.sender, balances0[msg.sender]);
        token1.transfer(msg.sender, balances1[msg.sender]);
        balances0[msg.sender] = 0;
        balances1[msg.sender] = 0;
    }
}","","","",105,110,./src/dataset/agent-v1-c4/tob/Tob.sol,/Users/xuxiangy/Desktop/trickPrompt-engine/src/dataset/agent-v1-c4/tob/Tob.sol,"","","function withdraw(uint amount0, uint amount1) external {
        balances0[msg.sender] -= amount0;
        balances1[msg.sender] -= amount1;
        token0.transfer(msg.sender, amount0);
        token1.transfer(msg.sender, amount1);
    }","{""(105,110)""}","",1
98413,1658fd7d7f00fd96420a79d8956209d8,tob,MyPool.withdraw,"function withdraw(uint amount0, uint amount1) external {
        balances0[msg.sender] -= amount0;
        balances1[msg.sender] -= amount1;
        token0.transfer(msg.sender, amount0);
        token1.transfer(msg.sender, amount1);
    }",0.0587153126423704,"","","","","Analyzing the smart contract function `withdraw(uint amount0, uint amount1)`:
1. **Balance Update and Token Transfer**: The contract decreases the user's balances `balances0` and `balances1` for `token0` and `token1` respectively, using these two lines:
   - `balances0[msg.sender] -= amount0;`
   - `balances1[msg.sender] -= amount1;`
2. **Execution of Transfer**: Immediately following the balance update, the tokens are transferred to the user:
   - `token0.transfer(msg.sender, amount0);`
   - `token1.transfer(msg.sender, amount1);`

### Evaluation:

- **Order of Transactions**: The contract first updates the internal state (balances) and then calls the external `transfer` methods. This order of operations is critical for avoiding the reentrancy vulnerability.
- **Reentrancy Concern**: The typical reentrancy vulnerability arises when an external function call occurs before state updates, allowing subsequent function calls to reference stale state data. However, in this case, since the balance is reduced before the token transfers, new invocations of `withdraw()` during the token transfer, caused by potential token contract callbacks, see the already updated balance.
- **Effectiveness of Reentrancy Attack**: Given the current order of operations (first decreasing balance, then transferring tokens), a reentrant attack would not allow the user to withdraw more than they are originally entitled to, as the balance checks would fail in any subsequent, nested `withdraw()` calls.

### Conclusion:
The provided description initially misreads the order of operations in the `withdraw()` function, leading to an incorrect analysis of vulnerability. Upon reevaluating the provided code, the balances are indeed reduced before executing the token transfers, hence mitigating the reentrancy attacks that rely on stale state references.

Return results as a JSON object, taking the order of operations into account from the code analysis:
```json
{""result"":""no""}
```
Vulnerability Description:
The vulnerability in the provided smart contract code is a reentrancy vulnerability due to the lack of checks before transferring tokens and decrementing the user’s balances. The contract updates the balances (`balances0` and `balances1`) *after* transferring the tokens to the user. This allows a malicious actor to re-enter the `withdraw` function during the token transfer and withdraw more tokens than they are entitled to.

Step-by-step Exploitation:
1. **Initial Setup**: An attacker has some amount of tokens (say `x` tokens of `token0` and `y` tokens of `token1`) in the balances of this contract. 

2. **Create a Malicious Contract**: The attacker deploys a malicious contract which will call `withdraw` function of the vulnerable smart contract.

3. **First Withdrawal Call**: The malicious contract calls the `withdraw` function requesting to withdraw all tokens (all `x` tokens of `token0` and all `y` tokens of `token1`).

4. **Reentrancy on Token Transfer**: During the execution of `token0.transfer(msg.sender, amount0)`, because `token0` is an external call, it gives control to the token contract. If `token0` is a malicious token or allows callbacks (or fallbacks are enabled), it can call back into the malicious contract.

5. **Second Withdrawal Call**: In the reentrant call, while the original transaction has not yet finished, the malicious contract calls the `withdraw` function again. Now, since the balances haven’t been updated yet (due to the order of operations in the original `withdraw` function), the contract still shows the attacker having their full balances of `x` tokens of `token0` and `y` tokens of `token1`.

6. **Withdrawing Double the Balance**: The malicious contract can withdraw the same amount again, resulting in getting `2x` tokens of `token0` and `2y` tokens of `token1` despite originally only owning `x` and `y` respectively.

7. **End of Transactions**: Both transactions complete. The malicious user has effectively withdrawn double the amount they owned.

Mitigation:
To mitigate this vulnerability, the contract should first decrement the balances, thereby updating the state, and then perform the token transfers. This adjustment prevents any reentrant call from exploiting unchanged state.

Corrected Code:
```sol
function withdraw(uint amount0, uint amount1) external {
    balances0[msg.sender] -= amount0;
    balances1[msg.sender] -= amount1;
    token0.transfer(msg.sender, amount0);
    token1.transfer(msg.sender, amount1);
}
```

These steps adhere to the provided reentrancy vector and illustrate how a seemingly safe piece of code may be exploited via reentrancy if the order of operations is improper.","智能合约中的这个漏洞被称为重入攻击（Reentrancy Attack）。这种漏洞是因为智能合约在执行外部的`transfer`函数传递代币之前没有先更新用户的余额，从而导致问题的发生。详细的漏洞利用步骤如下：

1. **初始设置**：攻击者在合约中存有一定数量的代币（假设是`x`个`token0`和`y`个`token1`）。

2. **创建恶意合约**：攻击者部署一个恶意合约，此合约将调用目标智能合约的`withdraw`函数。

3. **第一次提款调用**：恶意合约调用`withdraw`函数，请求提取所有代币（`x`个`token0`和`y`个`token1`）。

4. **在代币转移中实现重入**：当执行`token0.transfer(msg.sender, amount0)`时，由于`token0`是外部调用，它将控制权交给了代币合约。如果`token0`可以回调（或启用了回调）,它可以再次调用恶意合约。

5. **第二次提款调用**：在重入调用中，原始交易尚未完成时，恶意合约再次调用`withdraw`函数。此时由于余额尚未更新（由于原始`withdraw`函数的操作顺序），合约中显示攻击者仍有`x`个`token0`和`y`个`token1`。

6. **提取双倍余额**：恶意合约可以再次提现相同金额的代币，结果获得`2x`个`token0`和`2y`个`token1`，尽管原本只拥有`x`和`y`。

7. **交易结束**：两次交易完成后，恶意用户实际上提取了他们原本所拥有金额的两倍。

**缓解措施**：
为了缓解这种风险，合约应该先减少余额（更新状态），然后执行代币转移。这种调整防止了任何重入调用利用未更改的状态进行攻击。

**修正的代码示例**：
```sol
function withdraw(uint amount0, uint amount1) external {
    balances0[msg.sender] -= amount0;
    balances1[msg.sender] -= amount1;
    token0.transfer(msg.sender, amount0);
    token1.transfer(msg.sender, amount1);
}
```

通过这种方式，可以避免因操作顺序不当而引起的重入攻击漏洞。","","The establishment of the attack indeed centers on the way the smart contract interacts with external contracts, specifically the `token0` and `token1` contracts during the execution of their `transfer` methods. This external interaction provides an opportunity for control to be handed over to those external contracts (which could be malicious or allow reentrancy). Therefore, the establishment of the vulnerability is affected by external calls to the `token0` and `token1` contracts and potentially the behavior (or state) of those contracts which is not provided within the given details. Hence, the vulnerability's exploitation relies on external contract characteristics.

```json
{'result':'need In-project other contract'}
```","{

    IERC20 token0;
    IERC20 token1;

    // LP balance
    mapping(address => uint) balances0;
    mapping(address => uint) balances1;

    constructor(address t0, address t1){
        token0 = IERC20(t0);
        token1 = IERC20(t1);
    }

    // ******** USERS SWAP ******** //

    function inGivenOut(
        uint256 balanceIn,
        uint256 balanceOut,
        uint256 amountOut
    ) internal pure returns (uint256) {
        /**********************************************************************************
        // Derived from Balancer                                                         //
        // aO = amountOut                                                                //
        // bO = balanceOut                                                               //
        // bI = balanceIn              /  /            bO             \        \         //
        // aI = amountIn    aI = bI * |  | --------------------------  |   - 1  |        //
        //                             \  \       ( bO - aO )         /        /         //
        //                                                                               //
        **********************************************************************************/

        // We split the operations in three steps for readeability
        // Division, minus one, and multiplication

        //      /            bO             \                     //
        //     | --------------------------  |                    //
        //      \       ( bO - aO )         /                     //
        uint division = balanceOut / (balanceOut - amountOut);

        //  1 - [...]
        uint256 factor = division - ONE;

        // aI = bI * [...]
        return mul(balanceIn,  factor);
    }

    // Swap the asset
    function swapInGivenOut(bool isToken0, uint amountOut) public invariantCheck(){
        IERC20 tokenIn = isToken0?token0:token1;
        IERC20 tokenOut = isToken0?token1:token0;

        uint balanceIn = tokenIn.balanceOf(address(this));
        uint balanceOut = tokenOut.balanceOf(address(this));

        // We take 2% fee
        amountOut = amountOut * 98 / 100;
        uint amountIn = inGivenOut(balanceIn, balanceOut, amountOut);

        tokenOut.transfer(msg.sender, amountOut);
        tokenIn.transferFrom(msg.sender, address(this), amountIn);
    }

    // Ensure that the k = xy invariant hold
    // This will be disabled for production to save gas
    modifier invariantCheck(){
        uint balanceInBefore = token0.balanceOf(address(this));
        uint balanceOutBefore = token1.balanceOf(address(this));

        uint k_before = balanceInBefore * balanceOutBefore;

        _;

        uint balanceInAfter = token0.balanceOf(address(this));
        uint balanceOutAfter = token1.balanceOf(address(this));

        require(k_before == balanceInAfter * balanceOutAfter);
    }

    // ******** LIQUIDITY PROVIDERS ******** //

    // User can deposit their token0
    function deposit(uint amount) external nonReentrant {
        token0.transferFrom(msg.sender, address(this), amount);
        balances0[msg.sender] += amount;
    }

    // User can withdraw their token0 and token1
    // We follow the check effect interaction pattern
    function withdraw(uint amount0, uint amount1) external {
        balances0[msg.sender] -= amount0;
        balances1[msg.sender] -= amount1;
        token0.transfer(msg.sender, amount0);
        token1.transfer(msg.sender, amount1);
    }

    // User can withdraw all their token0 and token1
    // nonReentrant to protect from reentrancies
    function withdrawAll() external nonReentrant {
        token0.transfer(msg.sender, balances0[msg.sender]);
        token1.transfer(msg.sender, balances1[msg.sender]);
        balances0[msg.sender] = 0;
        balances1[msg.sender] = 0;
    }
}","","","",105,110,./src/dataset/agent-v1-c4/tob/Tob.sol,/Users/xuxiangy/Desktop/trickPrompt-engine/src/dataset/agent-v1-c4/tob/Tob.sol,"","","function withdraw(uint amount0, uint amount1) external {
        balances0[msg.sender] -= amount0;
        balances1[msg.sender] -= amount1;
        token0.transfer(msg.sender, amount0);
        token1.transfer(msg.sender, amount1);
    }","{""(105,110)""}","",1
98418,217a1042ae811c935e9ae8a8863d8c6d,tob,MyPool.withdraw,"function withdraw(uint amount0, uint amount1) external {
        balances0[msg.sender] -= amount0;
        balances1[msg.sender] -= amount1;
        token0.transfer(msg.sender, amount0);
        token1.transfer(msg.sender, amount1);
    }",0.17835372619146694,"","","","","Analyzing the provided smart contract function ""withdraw"":

1. **Balance Deduction**:
   - The function starts by decrementing `balances0[msg.sender]` and `balances1[msg.sender]` by `amount0` and `amount1` respectively.
   - The subtraction occurs directly without any conditional checks.

2. **Balance Underflow Check**:
   - In traditional arithmetic operations with unsigned integers in Solidity, an arithmetic underflow occurs if a subtraction results in a negative number, which wraps around to a very large number (due to the uint type).
   - This scenario can happen if `balances0[msg.sender] < amount0` or `balances1[msg.sender] < amount1`.

3. **Token Transfer**:
   - The tokens are transferred after subtracting from the balances. 
   - This is performed regardless if the previous step resulted in an underflow. The `transfer` function's behavior during underflow conditions isn't automatically guaranteed to fail; its behavior depends on the implementation of the `token0` and `token1` contracts.
   - If the token contracts do not handle such cases by reverting on invalid balances, this might allow transferring more tokens than the sender has.

4. **Solidity Version & Safe Math**:
   - The context (e.g., Solidity version) is not provided. If it is below 0.8.x, then the code doesn’t automatically revert on underflows unless SafeMath is used. If it's 0.8.x or above, overflows and underflows are automatically checked by the language.

Given this analysis, the vulnerability claim about balance underflow leading potentially to unauthorized token transfers has merit if:
- Solidity version is below 0.8.x and SafeMath isn't used (even then, it depends on the `transfer` method's implementation in the token contracts).
- Token contracts do not internally handle balance verification appropriately.

Therefore, the conclusion regarding the existence of the vulnerability hinges critically on the Solidity version and token contract behavior but generally aligns more towards a ""high possibility"" under many common scenarios found in older contracts:

```json
{""result"":""high possibility""}
```
### Vulnerability Description

The identified vulnerability in this smart contract is related to the improper checking of balance availability before executing transfers. The code snippet attempts to deduct the `amount0` and `amount1` from the sender's balances (`balances0` and `balances1` respectively) and then performs the token transfers. However, there is no validation to ensure that the sender has sufficient balance to cover the amounts they are trying to withdraw. This can lead to underflow in the balance variables where the balances become very high due to subtraction from an insufficient balance, bypassing token transfer limits.

### Exploit Steps

1. **Initial Setup**: The attacker needs to have some tokens but less than they intend to withdraw. For instance, assume the balances0[msg.sender] = 100 and balances1[msg.sender] = 100.

2. **Craft Withdraw Request**: The attacker initiates the `withdraw` function with `amount0 = 200` and `amount1 = 200`. However, the attacker only has 100 tokens in both balances.

3. **Execution of Withdraw Function**:
   - The `balances0[msg.sender] -= amount0;` and `balances1[msg.sender] -= amount1;` statements execute.
   - Since `balances0[msg.sender]` and `balances1[msg.sender]` are both 100, subtracting 200 causes both balances to underflow.
   - Typically, this would result in a new balance amount extremely high due to underflow (if plain `uint` were used and not safe math checks).

4. **Transfer of Tokens**:
   - `token0.transfer(msg.sender, amount0);` and `token1.transfer(msg.sender, amount1);` then proceed to transfer more tokens than the attacker initially held, exploiting the underflow in balance variables.

5. **Result**: The attacker successfully withdraws more tokens than they held, thereby exploiting the missing check for balance sufficiency.

### Correction Recommendations

To correct this loophole, the smart contract should enforce balance checks before proceeding with the balance deduction and token transfers. Here is an improved version of the function:

```solidity
function withdraw(uint amount0, uint amount1) external {
    require(balances0[msg.sender] >= amount0, ""Insufficient balance for token0"");
    require(balances1[msg.sender] >= amount1, ""Insufficient balance for token1"");

    balances0[msg.sender] -= amount0;
    balances1[msg.sender] -= amount1;

    token0.transfer(msg.sender, amount0);
    token1.transfer(msg.sender, amount1);
}
```
This modification ensures that the `withdraw` function checks that the sender has enough of each token to cover the withdrawal amounts, effectively preventing the underflow situation and malicious exploitation of token withdrawal.","在提供的智能合约函数 ""withdraw"" 中识别的漏洞与在执行转移操作之前未能正确检查余额的可用性有关。代码片段试图从发送者的余额（`balances0` 和 `balances1`）中扣除 `amount0` 和 `amount1`，然后执行代币转移。但是，没有验证以确保发送者有足够的余额来覆盖他们试图提取的金额。这可能导致余额变量下溢，这是由于从不足的余额中减去数额，绕过了代币转移限制。

在 Solidity 中，如果执行减法运算结果为负数，会发生下溢（underflow）。由于使用的是无符号整数，所以这种负数会以非常大的数值形式回绕。这意味着如果在没有先进行充分余额检查的情况下进行扣减，用户的余额可以从一个小的正数变为一个极大的数值，从理论上讲可以允许用户提取远超其原有余额的代币量。

### 如何利用这个漏洞：

1. **初始设置**：攻击者需要持有一些代币，但数量少于他们打算提现的数量。例如，假设 balances0[msg.sender] = 100 和 balances1[msg.sender] = 100。

2. **制定提取请求**：攻击者启动 `withdraw` 函数，输入 `amount0 = 200` 和 `amount1 = 200`。但是，攻击者在两个余额中每个只有 100 代币。

3. **执行提取函数**：
   - 执行 `balances0[msg.sender] -= amount0;` 和 `balances1[msg.sender] -= amount1;`。
   - 由于 `balances0[msg.sender]` 和 `balances1[msg.sender]` 都是 100，减去 200 导致两个余额都下溢。
   - 通常，这会导致由于下溢（如果使用的是普通的 `uint` 而不是安全数学检查）而产生一个极高的新余额。

4. **代币转移**：
   - 然后 `token0.transfer(msg.sender, amount0);` 和 `token1.transfer(msg.sender, amount1);` 继续转移比攻击者最初拥有的更多的代币，利用了余额变量中的下溢。

5. **结果**：攻击者成功提取了比他们持有的更多的代币，从而利用了缺失的余额足够性检查。

### 纠正建议

要纠正这个漏洞，智能合约应在进行余额扣减和代币转移之前执行余额检查。这里是该函数的改进版本：

```solidity
function withdraw(uint amount0, uint amount1) external {
    require(balances0[msg.sender] >= amount0, ""Insufficient balance for token0"");
    require(balances1[msg.sender] >= amount1, ""Insufficient balance for token1"");

    balances0[msg.sender] -= amount0;
    balances1[msg.sender] -= amount1;

    token0.transfer(msg.sender, amount0);
    token1.transfer(msg.sender, amount1);
}
```
这种修改确保了 `withdraw` 函数检查发送者是否具有足够的每种代币来覆盖提款金额，有效地防止了下溢情况和恶意利用代币提款的情况。","","The establishment of the described vulnerability does not depend on the code of other unknown or unprovided contracts within the project. The vulnerability stems directly from the insufficient verification or absence of verification of balances before performing the subtraction and subsequent transfer in this specific smart contract. This code independently allows the possibility of an underflow and does not inherently rely on external calls or states of other contracts for the vulnerability to be exploited. 

Therefore, the JSON result is as follows:
```json
{'result':'dont need In-project other contract'}
```","{

    IERC20 token0;
    IERC20 token1;

    // LP balance
    mapping(address => uint) balances0;
    mapping(address => uint) balances1;

    constructor(address t0, address t1){
        token0 = IERC20(t0);
        token1 = IERC20(t1);
    }

    // ******** USERS SWAP ******** //

    function inGivenOut(
        uint256 balanceIn,
        uint256 balanceOut,
        uint256 amountOut
    ) internal pure returns (uint256) {
        /**********************************************************************************
        // Derived from Balancer                                                         //
        // aO = amountOut                                                                //
        // bO = balanceOut                                                               //
        // bI = balanceIn              /  /            bO             \        \         //
        // aI = amountIn    aI = bI * |  | --------------------------  |   - 1  |        //
        //                             \  \       ( bO - aO )         /        /         //
        //                                                                               //
        **********************************************************************************/

        // We split the operations in three steps for readeability
        // Division, minus one, and multiplication

        //      /            bO             \                     //
        //     | --------------------------  |                    //
        //      \       ( bO - aO )         /                     //
        uint division = balanceOut / (balanceOut - amountOut);

        //  1 - [...]
        uint256 factor = division - ONE;

        // aI = bI * [...]
        return mul(balanceIn,  factor);
    }

    // Swap the asset
    function swapInGivenOut(bool isToken0, uint amountOut) public invariantCheck(){
        IERC20 tokenIn = isToken0?token0:token1;
        IERC20 tokenOut = isToken0?token1:token0;

        uint balanceIn = tokenIn.balanceOf(address(this));
        uint balanceOut = tokenOut.balanceOf(address(this));

        // We take 2% fee
        amountOut = amountOut * 98 / 100;
        uint amountIn = inGivenOut(balanceIn, balanceOut, amountOut);

        tokenOut.transfer(msg.sender, amountOut);
        tokenIn.transferFrom(msg.sender, address(this), amountIn);
    }

    // Ensure that the k = xy invariant hold
    // This will be disabled for production to save gas
    modifier invariantCheck(){
        uint balanceInBefore = token0.balanceOf(address(this));
        uint balanceOutBefore = token1.balanceOf(address(this));

        uint k_before = balanceInBefore * balanceOutBefore;

        _;

        uint balanceInAfter = token0.balanceOf(address(this));
        uint balanceOutAfter = token1.balanceOf(address(this));

        require(k_before == balanceInAfter * balanceOutAfter);
    }

    // ******** LIQUIDITY PROVIDERS ******** //

    // User can deposit their token0
    function deposit(uint amount) external nonReentrant {
        token0.transferFrom(msg.sender, address(this), amount);
        balances0[msg.sender] += amount;
    }

    // User can withdraw their token0 and token1
    // We follow the check effect interaction pattern
    function withdraw(uint amount0, uint amount1) external {
        balances0[msg.sender] -= amount0;
        balances1[msg.sender] -= amount1;
        token0.transfer(msg.sender, amount0);
        token1.transfer(msg.sender, amount1);
    }

    // User can withdraw all their token0 and token1
    // nonReentrant to protect from reentrancies
    function withdrawAll() external nonReentrant {
        token0.transfer(msg.sender, balances0[msg.sender]);
        token1.transfer(msg.sender, balances1[msg.sender]);
        balances0[msg.sender] = 0;
        balances1[msg.sender] = 0;
    }
}","","","",105,110,./src/dataset/agent-v1-c4/tob/Tob.sol,/Users/xuxiangy/Desktop/trickPrompt-engine/src/dataset/agent-v1-c4/tob/Tob.sol,"","","function withdraw(uint amount0, uint amount1) external {
        balances0[msg.sender] -= amount0;
        balances1[msg.sender] -= amount1;
        token0.transfer(msg.sender, amount0);
        token1.transfer(msg.sender, amount1);
    }","{""(105,110)""}","",1
98416,0e2c7ac814e931b686b62fb4bae9e350,tob,MyPool.withdraw,"function withdraw(uint amount0, uint amount1) external {
        balances0[msg.sender] -= amount0;
        balances1[msg.sender] -= amount1;
        token0.transfer(msg.sender, amount0);
        token1.transfer(msg.sender, amount1);
    }",0.9683444796923574,"","","","","{
    ""result"": ""yes""
}
The code vulnerability present in the `withdraw` function pertains to a lack of validation check to ensure that the caller (msg.sender) has sufficient token balances before allowing the subtraction and transfer of tokens. This issue introduces a practical, exploitable reentrancy vulnerability.

### Detailed Exploitation Steps:

1. **Initial Setup**: Assume an external user (attacker) has a balance of `token0` and `token1` in the `balances0` and `balances1` mappings respectively, but both amounts are less than the `amount0` and `amount1` they intend to withdraw. For instance, let's say attacker has 10 units of `token0` and 15 units of `token1`.

2. **Triggering Vulnerable Function**: Attacker calls the `withdraw` function with `amount0` = 50 units and `amount1` = 30 units. Even though attacker’s respective balances are less than these amounts, there’s no validation check to verify balance adequacy beforehand.

3. **Manipulating Balances**: Contract execution would proceed to subtract `amount0` and `amount1` from the attacker's token balances without a preceding balance check. Since unsigned integers are used, subtracting a larger number from a smaller one causes an underflow. In the case of 'balances0', the balance would underflow from 10 - 50, resulting in a balance that is much higher than the legitimate amount due to underflow (e.g., a very large number close to the maximum value of uint).

4. **Successful Transfer despite Insufficient Balance**: After the subtraction, `token0.transfer(msg.sender, amount0)` and `token1.transfer(msg.sender, amount1)` get executed, transferring 50 units of `token0` and 30 units of `token1` to the attacker’s address, regardless of the actual balances.

### Conclusion

The lack of balance verification before performing token transfer operations introduces severe security implications. Ideally, the function should check if `balances0[msg.sender] >= amount0` and `balances1[msg.sender] >= amount1` before subtracting from the balances and transferring the tokens. This error allows any user to withdraw amounts they do not possess, thus draining the contract tokens maliciously. This vulnerability is exploitable, and an immediate fix is necessary to validate the balances prior to executing subtraction and transfer commands.","此代码漏洞存在于 `withdraw` 函数中，该函数缺乏验证检查，以确保调用者 (msg.sender) 在允许减去和转移代币之前拥有足够的代币余额。这个问题引入了一个实际可利用的重入漏洞。

### 详细的利用步骤：

1. **初始设置**：假设一个外部用户（攻击者）在 `balances0` 和 `balances1` 映射中分别有 `token0` 和 `token1` 的余额，但这两种余额都少于他们打算提取的 `amount0` 和 `amount1`。例如，攻击者有 10 单位的 `token0` 和 15 单位的 `token1`。

2. **触发漏洞函数**：攻击者调用 `withdraw` 函数，`amount0` = 50 单位，`amount1` = 30 单位。尽管攻击者的相应余额小于这些金额，却没有验证检查来验证余额是否足够。

3. **操纵余额**：合约执行将继续从攻击者的代币余额中减去 `amount0` 和 `amount1`，而之前没有余额检查。由于使用了无符号整数，从较小的数字减去更大的数字会导致下溢。在 'balances0' 的情况下，余额将从 10 - 50 下溢，由于下溢导致余额变得非常高，接近 uint 的最大值。

4. **尽管余额不足也能成功转账**：减去后，执行 `token0.transfer(msg.sender, amount0)` 和 `token1.transfer(msg.sender, amount1)`，将 50 单位的 `token0` 和 30 单位的 `token1` 转移到攻击者的地址，不论实际余额如何。

### 结论

在执行代币转移操作之前，没有余额验证检查引入严重的安全隐患。理想情况下，函数应该在从余额中减去和转移代币之前，检查 `balances0[msg.sender] >= amount0` 和 `balances1[msg.sender] >= amount1`。这个错误允许任何用户提取他们不拥有的金额，从而恶意地耗尽合约代币。这种漏洞是可利用的，需要立即修复，以在执行减法和转移命令之前验证余额。","","The exploitation of this vulnerability does not depend on the code of other unknown or unprovided contracts within the project. The issue lies directly within the provided `withdraw` function which fails to check balances before executing token transfers, causing a direct reentrancy vulnerability based purely on the operations within this function itself. External calls to `token0.transfer` and `token1.transfer` are included, but these are essential parts of the function that do not rely on outside contract conditions except for the transfers themselves. 

Hence, the existence of this vulnerability is intrinsic to the code provided and not influenced by the states or behaviors of other contracts outside the immediate context. 

JSON result: {'result':'dont need In-project other contract'}","{

    IERC20 token0;
    IERC20 token1;

    // LP balance
    mapping(address => uint) balances0;
    mapping(address => uint) balances1;

    constructor(address t0, address t1){
        token0 = IERC20(t0);
        token1 = IERC20(t1);
    }

    // ******** USERS SWAP ******** //

    function inGivenOut(
        uint256 balanceIn,
        uint256 balanceOut,
        uint256 amountOut
    ) internal pure returns (uint256) {
        /**********************************************************************************
        // Derived from Balancer                                                         //
        // aO = amountOut                                                                //
        // bO = balanceOut                                                               //
        // bI = balanceIn              /  /            bO             \        \         //
        // aI = amountIn    aI = bI * |  | --------------------------  |   - 1  |        //
        //                             \  \       ( bO - aO )         /        /         //
        //                                                                               //
        **********************************************************************************/

        // We split the operations in three steps for readeability
        // Division, minus one, and multiplication

        //      /            bO             \                     //
        //     | --------------------------  |                    //
        //      \       ( bO - aO )         /                     //
        uint division = balanceOut / (balanceOut - amountOut);

        //  1 - [...]
        uint256 factor = division - ONE;

        // aI = bI * [...]
        return mul(balanceIn,  factor);
    }

    // Swap the asset
    function swapInGivenOut(bool isToken0, uint amountOut) public invariantCheck(){
        IERC20 tokenIn = isToken0?token0:token1;
        IERC20 tokenOut = isToken0?token1:token0;

        uint balanceIn = tokenIn.balanceOf(address(this));
        uint balanceOut = tokenOut.balanceOf(address(this));

        // We take 2% fee
        amountOut = amountOut * 98 / 100;
        uint amountIn = inGivenOut(balanceIn, balanceOut, amountOut);

        tokenOut.transfer(msg.sender, amountOut);
        tokenIn.transferFrom(msg.sender, address(this), amountIn);
    }

    // Ensure that the k = xy invariant hold
    // This will be disabled for production to save gas
    modifier invariantCheck(){
        uint balanceInBefore = token0.balanceOf(address(this));
        uint balanceOutBefore = token1.balanceOf(address(this));

        uint k_before = balanceInBefore * balanceOutBefore;

        _;

        uint balanceInAfter = token0.balanceOf(address(this));
        uint balanceOutAfter = token1.balanceOf(address(this));

        require(k_before == balanceInAfter * balanceOutAfter);
    }

    // ******** LIQUIDITY PROVIDERS ******** //

    // User can deposit their token0
    function deposit(uint amount) external nonReentrant {
        token0.transferFrom(msg.sender, address(this), amount);
        balances0[msg.sender] += amount;
    }

    // User can withdraw their token0 and token1
    // We follow the check effect interaction pattern
    function withdraw(uint amount0, uint amount1) external {
        balances0[msg.sender] -= amount0;
        balances1[msg.sender] -= amount1;
        token0.transfer(msg.sender, amount0);
        token1.transfer(msg.sender, amount1);
    }

    // User can withdraw all their token0 and token1
    // nonReentrant to protect from reentrancies
    function withdrawAll() external nonReentrant {
        token0.transfer(msg.sender, balances0[msg.sender]);
        token1.transfer(msg.sender, balances1[msg.sender]);
        balances0[msg.sender] = 0;
        balances1[msg.sender] = 0;
    }
}","","","",105,110,./src/dataset/agent-v1-c4/tob/Tob.sol,/Users/xuxiangy/Desktop/trickPrompt-engine/src/dataset/agent-v1-c4/tob/Tob.sol,"","","function withdraw(uint amount0, uint amount1) external {
        balances0[msg.sender] -= amount0;
        balances1[msg.sender] -= amount1;
        token0.transfer(msg.sender, amount0);
        token1.transfer(msg.sender, amount1);
    }","{""(105,110)""}","",1
98417,3512b8a2771a9226aeb8de2236b0aa5b,tob,MyPool.withdraw,"function withdraw(uint amount0, uint amount1) external {
        balances0[msg.sender] -= amount0;
        balances1[msg.sender] -= amount1;
        token0.transfer(msg.sender, amount0);
        token1.transfer(msg.sender, amount1);
    }",0.4715172852049936,"","","","","```json
{
    ""result"": ""yes""
}
```
### Vulnerability Description

The code vulnerability in question is related to insufficient balance checks before performing token transfers. In the given `withdraw` function, tokens are subtracted from the `balances0` and `balances1` accounts of the sender without verifying if the sender has sufficient balance to cover the withdrawal amounts. This can lead to underflows in the balances of the sender (where balances become negative due to subtraction of amounts greater than the current balance), causing issues like balance inaccuracies and potentially leading to unauthorized token issuance.

### Exploitation Steps

1. **Account Setup**: Assume an attacker has an account with a balance of `10` units of `token0` and `10` units of `token1`.

2. **Triggering an Underflow**: 
   - The attacker calls the `withdraw` function with `amount0 = 20` (greater than their balance of `10`) and `amount1 = 20` (also greater than their balance of `10`).
   - Since there is no check for sufficient balance before executing the withdrawal, the subtraction will proceed: `balances0[msg.sender] -= 20;` and `balances1[msg.sender] -= 20;`.
   
3. **Balance Underflow and Transfer**:
   - Given that balances use unsigned integers, reducing `10` by `20` would underflow and wrap around to a very large number.
   - Consequently, the attacker's new token balances would be unexpectedly high due to underflow.
   - `token0.transfer(msg.sender, 20)` and `token1.transfer(msg.sender, 20)` would then transfer tokens based on this faulty balance logic, effectively erroneously issuing tokens to the attacker.

4. **Result**: 
   - The attacker ends up with a way higher balance than initially possessed, due to underflow, and is able to transfer more tokens than they should legitimately own.

### Correction in Code

To prevent such incidents, it is crucial to ensure the account has enough tokens before attempting to subtract from their balance. The corrected function should include balance checks before transferring any tokens:

```solidity
function withdraw(uint amount0, uint amount1) external {
    require(balances0[msg.sender] >= amount0, ""Insufficient token0 balance"");
    require(balances1[msg.sender] >= amount1, ""Insufficient token1 balance"");

    balances0[msg.sender] -= amount0;
    balances1[msg.sender] -= amount1;
    
    token0.transfer(msg.sender, amount0);
    token1.transfer(msg.sender, amount1);
}
```

This modification includes the necessary `require` statements that ensure the sender's token balances are sufficient for the withdrawal amounts `amount0` and `amount1`, effectively preventing unwarranted balance underflows and unauthorized token issuance.","这个代码漏洞涉及在执行代币转移之前没有足够的余额检查。在给定的 `withdraw` 函数中，发送者的 `balances0` 和 `balances1` 账户的代币被减去，却没有验证发送者是否有足够的余额来覆盖提款金额。这可能导致发送者的余额下溢（由于从当前余额中减去大于该余额的数额，余额变为负数），引起余额不准确等问题，并可能导致未经授权的代币发行。

### 漏洞利用步骤

1. **账户设置**：假设攻击者有一个账户，拥有 `token0` 的 `10` 单位和 `token1` 的 `10` 单位。
   
2. **触发下溢**:
   - 攻击者调用 `withdraw` 函数，其中 `amount0 = 20`（大于他们的余额 `10`）和 `amount1 = 20`（也大于他们的余额 `10`）。
   - 由于在执行提款之前没有检查是否有足够的余额，所以减法将继续进行：`balances0[msg.sender] -= 20;` 和 `balances1[msg.sender] -= 20;`。

3. **余额下溢和转移**:
   - 由于余额使用无符号整数，`10` 减 `20` 会导致下溢，并且回绕到一个非常大的数。
   - 因此，由于下溢，攻击者的新代币余额会意外地变高。
   - `token0.transfer(msg.sender, 20)` 和 `token1.transfer(msg.sender, 20)` 会基于这个错误的余额逻辑而进行转移，实际上错误地向攻击者发行了代币。

4. **结果**：
   - 攻击者最终拥有的余额远高于最初拥有的，由于下溢，可以转移比他们应合法拥有的更多代币。

### 代码修正

为了防止此类事件，确保账户在尝试减少余额之前有足够的代币非常关键。修正后的函数应该包括在转移任何代币之前检查余额的需求：

```solidity
function withdraw(uint amount0, uint amount1) external {
    require(balances0[msg.sender] >= amount0, ""Insufficient token0 balance"");
    require(balances1[msg.sender] >= amount1, ""Insufficient token1 balance"");

    balances0[msg.sender] -= amount0;
    balances1[msg.sender] -= amount1;
    
    token0.transfer(msg.sender, amount0);
    token1.transfer(msg.sender, amount1);
}
```

这种修改包括了确保发送者的代币余额对于提款金额 `amount0` 和 `amount1` 足够的必要 `require` 语句，有效防止无端的余额下溢和未经授权的代币发行。","","The vulnerability described and the execution of the attack are self-contained within the provided function `withdraw`. The vulnerability specifically exploits the lack of balance checks before subtraction from the sender's balances and does not rely on external calls or contract states from other contracts within the project not provided in the question. Therefore, the establishment of the vulnerability does not depend on the code of other unknown or unprovided contracts. 

JSON result:
```json
{'result':'dont need In-project other contract'}
```","{

    IERC20 token0;
    IERC20 token1;

    // LP balance
    mapping(address => uint) balances0;
    mapping(address => uint) balances1;

    constructor(address t0, address t1){
        token0 = IERC20(t0);
        token1 = IERC20(t1);
    }

    // ******** USERS SWAP ******** //

    function inGivenOut(
        uint256 balanceIn,
        uint256 balanceOut,
        uint256 amountOut
    ) internal pure returns (uint256) {
        /**********************************************************************************
        // Derived from Balancer                                                         //
        // aO = amountOut                                                                //
        // bO = balanceOut                                                               //
        // bI = balanceIn              /  /            bO             \        \         //
        // aI = amountIn    aI = bI * |  | --------------------------  |   - 1  |        //
        //                             \  \       ( bO - aO )         /        /         //
        //                                                                               //
        **********************************************************************************/

        // We split the operations in three steps for readeability
        // Division, minus one, and multiplication

        //      /            bO             \                     //
        //     | --------------------------  |                    //
        //      \       ( bO - aO )         /                     //
        uint division = balanceOut / (balanceOut - amountOut);

        //  1 - [...]
        uint256 factor = division - ONE;

        // aI = bI * [...]
        return mul(balanceIn,  factor);
    }

    // Swap the asset
    function swapInGivenOut(bool isToken0, uint amountOut) public invariantCheck(){
        IERC20 tokenIn = isToken0?token0:token1;
        IERC20 tokenOut = isToken0?token1:token0;

        uint balanceIn = tokenIn.balanceOf(address(this));
        uint balanceOut = tokenOut.balanceOf(address(this));

        // We take 2% fee
        amountOut = amountOut * 98 / 100;
        uint amountIn = inGivenOut(balanceIn, balanceOut, amountOut);

        tokenOut.transfer(msg.sender, amountOut);
        tokenIn.transferFrom(msg.sender, address(this), amountIn);
    }

    // Ensure that the k = xy invariant hold
    // This will be disabled for production to save gas
    modifier invariantCheck(){
        uint balanceInBefore = token0.balanceOf(address(this));
        uint balanceOutBefore = token1.balanceOf(address(this));

        uint k_before = balanceInBefore * balanceOutBefore;

        _;

        uint balanceInAfter = token0.balanceOf(address(this));
        uint balanceOutAfter = token1.balanceOf(address(this));

        require(k_before == balanceInAfter * balanceOutAfter);
    }

    // ******** LIQUIDITY PROVIDERS ******** //

    // User can deposit their token0
    function deposit(uint amount) external nonReentrant {
        token0.transferFrom(msg.sender, address(this), amount);
        balances0[msg.sender] += amount;
    }

    // User can withdraw their token0 and token1
    // We follow the check effect interaction pattern
    function withdraw(uint amount0, uint amount1) external {
        balances0[msg.sender] -= amount0;
        balances1[msg.sender] -= amount1;
        token0.transfer(msg.sender, amount0);
        token1.transfer(msg.sender, amount1);
    }

    // User can withdraw all their token0 and token1
    // nonReentrant to protect from reentrancies
    function withdrawAll() external nonReentrant {
        token0.transfer(msg.sender, balances0[msg.sender]);
        token1.transfer(msg.sender, balances1[msg.sender]);
        balances0[msg.sender] = 0;
        balances1[msg.sender] = 0;
    }
}","","","",105,110,./src/dataset/agent-v1-c4/tob/Tob.sol,/Users/xuxiangy/Desktop/trickPrompt-engine/src/dataset/agent-v1-c4/tob/Tob.sol,"","","function withdraw(uint amount0, uint amount1) external {
        balances0[msg.sender] -= amount0;
        balances1[msg.sender] -= amount1;
        token0.transfer(msg.sender, amount0);
        token1.transfer(msg.sender, amount1);
    }","{""(105,110)""}","",1
98421,69e40dd08221474c0749752016791414,tob,MyPool.withdrawAll,"function withdrawAll() external nonReentrant {
        token0.transfer(msg.sender, balances0[msg.sender]);
        token1.transfer(msg.sender, balances1[msg.sender]);
        balances0[msg.sender] = 0;
        balances1[msg.sender] = 0;
    }",0.46387798638101807,"","","","","```json
{
  ""result"": ""low possibility"",
  ""info"": ""corner case""
}
```
**Vulnerability Description:**
The primary exploitable vulnerability in this `withdrawAll()` function is the ordering of the transfer and zeroing out the balance of `token0` and `token1`. Here, the transfer operations `token0.transfer(msg.sender, balances0[msg.sender])` and `token1.transfer(msg.sender, balances1[msg.sender])` are executed before resetting the user's corresponding balances to zero. This ordering exposes the function to a reentrancy-like attack even though the `nonReentrant` modifier is used.

**Exploitation Steps:**
1. Assume an attacker has control of a smart contract (let's call it `AttackerContract`) which can call `withdrawAll()` function.
2. `AttackerContract` calls `withdrawAll()` on the contract containing the vulnerable function.
3. Inside `withdrawAll()`, `token0.transfer` and `token1.transfer` are called, which means control is passed from `withdrawAll()` to `token0` and `token1` contracts. 
4. The `token0` or `token1` contract (assuming one of these tokens includes code to call back into `withdrawAll()`) then invokes `withdrawAll()` again on behalf of the `AttackerContract`.
5. The recursive call to `withdrawAll()` again transfers the tokens because the balances `balances0[msg.sender]` and `balances1[msg.sender]` are not yet set to zero. This happens because the resetting of balances occurs only after the transfer in the original calls.
6. This process can be repeated (bound by gas limits), which allows the attacker to withdraw more than their actual balance until balances have been set to zero.

**Proposed Correction:**
The vulnerability could be mitigated by changing the order of operations in the `withdrawAll()` function. It's crucial to first set the balances to zero before transferring the tokens:

```solidity
function withdrawAll() external nonReentrant {
    uint256 amount0 = balances0[msg.sender];
    uint256 amount1 = balances1[msg.sender];
    balances0[msg.sender] = 0;
    balances1[msg.sender] = 0;
    token0.transfer(msg.sender, amount0);
    token1.transfer(msg.sender, amount1);
}
```
By zeroing out the balances before the transfers, even if a reentrant call happens, it won't allow withdrawing more than the intended amounts as the balances have already been set to zero in the prior transactional context. This avoids the possibility of extracting more than the original allotment regardless of any potential reentrancy-like behavior from the token contracts.","在此描述的`withdrawAll()`函数中，存在的主要可利用漏洞是资金转移和余额归零的操作顺序问题。在此功能中，`token0.transfer(msg.sender, balances0[msg.sender])` 和 `token1.transfer(msg.sender, balances1[msg.sender])` 这两个转账操作是在将用户相应余额归零之前执行的。这样的操作顺序使得该函数暴露于类似重入攻击的风险，即使使用了`nonReentrant`修饰符也无济于事。

**利用步骤:**
1. 假设攻击者控制一个智能合约（称之为`AttackerContract`），这个合约可以调用`withdrawAll()`函数。
2. `AttackerContract` 调用含有易受攻击函数的合约中的`withdrawAll()`。
3. 在`withdrawAll()`内部，先调用了`token0.transfer` 和 `token1.transfer`，这意味着控制权从`withdrawAll()`传递到了`token0`和`token1`合约。
4. `token0` 或 `token1`合约（假设这些代币之一包含回调`withdrawAll()`的代码）则代表`AttackerContract`再次调用`withdrawAll()`。
5. 这个递归调用`withdrawAll()`之后再次转移了代币，因为`balances0[msg.sender]`和`balances1[msg.sender]`还没有设置为零。这是因为在原始调用中，余额归零的操作是在转账后进行的。
6. 这个过程可以重复（受到gas限制），使得攻击者可以提取超过实际余额的代币，直到余额被设置为零。

**建议的修正措施：**
可以通过更改`withdrawAll()`函数中的操作顺序来减轻这种漏洞。在转移代币前首先将余额设置为零是至关重要的：

```solidity
function withdrawAll() external nonReentrant {
    uint256 amount0 = balances0[msg.sender];
    uint256 amount1 = balances1[msg.sender];
    balances0[msg.sender] = 0;
    balances1[msg.sender] = 0;
    token0.transfer(msg.sender, amount0);
    token1.transfer(msg.sender, amount1);
}
```
通过在转账之前将余额归零，即使发生重入调用，也不会允许提取超过预定金额的资金，因为在先前的交易环境中余额已经被设为零。这样做避免了从代币合约中提取超过原始分配金额的可能性，无论是否存在潜在的重入行为。","","The establishment of the attack depends on the behavior of the `token0` and `token1` contracts, specifically whether these contracts can execute callbacks to the vulnerable `withdrawAll()` function during their `transfer` operations. Since the `token0` and `token1` contracts are not detailed in the context provided, and their behavior is crucial to exploiting the vulnerability, the attack's feasibility is dependent on the code of these other contracts included in the project or the broader ecosystem.

JSON result:
```json
{'result':'need In-project other contract'}
```","{

    IERC20 token0;
    IERC20 token1;

    // LP balance
    mapping(address => uint) balances0;
    mapping(address => uint) balances1;

    constructor(address t0, address t1){
        token0 = IERC20(t0);
        token1 = IERC20(t1);
    }

    // ******** USERS SWAP ******** //

    function inGivenOut(
        uint256 balanceIn,
        uint256 balanceOut,
        uint256 amountOut
    ) internal pure returns (uint256) {
        /**********************************************************************************
        // Derived from Balancer                                                         //
        // aO = amountOut                                                                //
        // bO = balanceOut                                                               //
        // bI = balanceIn              /  /            bO             \        \         //
        // aI = amountIn    aI = bI * |  | --------------------------  |   - 1  |        //
        //                             \  \       ( bO - aO )         /        /         //
        //                                                                               //
        **********************************************************************************/

        // We split the operations in three steps for readeability
        // Division, minus one, and multiplication

        //      /            bO             \                     //
        //     | --------------------------  |                    //
        //      \       ( bO - aO )         /                     //
        uint division = balanceOut / (balanceOut - amountOut);

        //  1 - [...]
        uint256 factor = division - ONE;

        // aI = bI * [...]
        return mul(balanceIn,  factor);
    }

    // Swap the asset
    function swapInGivenOut(bool isToken0, uint amountOut) public invariantCheck(){
        IERC20 tokenIn = isToken0?token0:token1;
        IERC20 tokenOut = isToken0?token1:token0;

        uint balanceIn = tokenIn.balanceOf(address(this));
        uint balanceOut = tokenOut.balanceOf(address(this));

        // We take 2% fee
        amountOut = amountOut * 98 / 100;
        uint amountIn = inGivenOut(balanceIn, balanceOut, amountOut);

        tokenOut.transfer(msg.sender, amountOut);
        tokenIn.transferFrom(msg.sender, address(this), amountIn);
    }

    // Ensure that the k = xy invariant hold
    // This will be disabled for production to save gas
    modifier invariantCheck(){
        uint balanceInBefore = token0.balanceOf(address(this));
        uint balanceOutBefore = token1.balanceOf(address(this));

        uint k_before = balanceInBefore * balanceOutBefore;

        _;

        uint balanceInAfter = token0.balanceOf(address(this));
        uint balanceOutAfter = token1.balanceOf(address(this));

        require(k_before == balanceInAfter * balanceOutAfter);
    }

    // ******** LIQUIDITY PROVIDERS ******** //

    // User can deposit their token0
    function deposit(uint amount) external nonReentrant {
        token0.transferFrom(msg.sender, address(this), amount);
        balances0[msg.sender] += amount;
    }

    // User can withdraw their token0 and token1
    // We follow the check effect interaction pattern
    function withdraw(uint amount0, uint amount1) external {
        balances0[msg.sender] -= amount0;
        balances1[msg.sender] -= amount1;
        token0.transfer(msg.sender, amount0);
        token1.transfer(msg.sender, amount1);
    }

    // User can withdraw all their token0 and token1
    // nonReentrant to protect from reentrancies
    function withdrawAll() external nonReentrant {
        token0.transfer(msg.sender, balances0[msg.sender]);
        token1.transfer(msg.sender, balances1[msg.sender]);
        balances0[msg.sender] = 0;
        balances1[msg.sender] = 0;
    }
}","","","",114,119,./src/dataset/agent-v1-c4/tob/Tob.sol,/Users/xuxiangy/Desktop/trickPrompt-engine/src/dataset/agent-v1-c4/tob/Tob.sol,"","","function withdrawAll() external nonReentrant {
        token0.transfer(msg.sender, balances0[msg.sender]);
        token1.transfer(msg.sender, balances1[msg.sender]);
        balances0[msg.sender] = 0;
        balances1[msg.sender] = 0;
    }","{""(114,119)""}","",1
98420,1129f5433001f73d5a3ab3f9c199d9dd,tob,MyPool.withdraw,"function withdraw(uint amount0, uint amount1) external {
        balances0[msg.sender] -= amount0;
        balances1[msg.sender] -= amount1;
        token0.transfer(msg.sender, amount0);
        token1.transfer(msg.sender, amount1);
    }",0.08638794140134942,"","","","","{
    ""result"": ""yes""
}
1. **Vulnerability Description:**
   The identified vulnerability is the lack of validation checking whether a user has sufficient balances (`balances0` and `balances1`) to withdraw the requested amounts (`amount0` and `amount1`). Without these checks, a user can potentially withdraw more tokens than they hold in their balances.

2. **Exploitation Steps:**
   - **Step 1:** Assumption - The attacker (hereinafter referred to as the user) has a balance of 10 units of `token0` (`balances0[user] = 10`) and 5 units of `token1` (`balances1[user] = 5`).
   - **Step 2:** The user initiates a withdrawal by calling `withdraw(50, 20)`, where `50 > balances0[user]` and `20 > balances1[user]`.
   - **Step 3:** Since the contract does not verify if `balances0[user] >= amount0` and `balances1[user] >= amount1`, it proceeds with the transaction.
   - **Step 4:** The balances are adjusted negatively where `balances0[user]` becomes `-40` (10 - 50) and `balances1[user]` becomes `-15` (5 - 20), despite `uint` (unsigned integers - positive) being used, underflow could adjust balances since checks are not made before deductions.
   - **Step 5:** The contract instructs `token0` and `token1` contracts to transfer `50` units of `token0` and `20` units of `token1` to the user's address despite the insufficient balance.
   - **Step 6:** The user successfully receives `50` units of `token0` and `20` units of `token1`, exploiting more tokens than they owned, thus invalidating the current state of their legitimate token holdings and balances.

3. **Current Missing Logic:**
   The code should include a check to validate that the user's token balances (`balances0[user]` and `balances1[user]`) are sufficient to meet or exceed the withdrawal amounts (`amount0`, `amount1`). Below is the corrected segment:
   ```solidity
   function withdraw(uint amount0, uint amount1) external {
       require(balances0[msg.sender] >= amount0, ""Insufficient token0 balance"");
       require(balances1[msg.sender] >= amount1, ""Insufficient token1 balance"");
       
       balances0[msg.sender] -= amount0;
       balances1[msg.sender] -= amount1;
       token0.transfer(msg.sender, amount0);
       token1.transfer(msg.sender, amount1);
   }
   ```
   By including these logical checks, exploitation as described is avoided since the transaction will revert if the requested withdrawal amounts exceed the available balances.","此漏洞存在于智能合约的提取功能（withdraw）中，缺少了检验用户是否有足够余额（`balances0` 和 `balances1`）来支持他们请求提取的数量（`amount0` 和 `amount1`）。没有这些检查，用户可能会提取超出他们余额的代币数量。

简单来说，如果用户尝试提取超过其账户中代币的数量，由于缺少足够的验证，合约会处理这个提取请求，导致用户的代币余额变为负数，实际上用户可以非法提取并持有更多的代币。这明显违反了合约应有的逻辑和目的，弱化了合约的安全性并使代币系统面临被攻击的风险。","","Based on the provided information about the vulnerability, the establishment of the attack does not depend on the code of other unknown or unprovided contracts within the project. The vulnerability explicitly arises from the failure within the same smart contract to check if there are sufficient balances (`balances0` and `balances1`) before permitting the withdrawal of tokens (`token0` and `token1`). The exploitation steps and the vulnerability are solely within the confines of the described function `withdraw()` and are based on its internal logic, showing no dependency on external contracts beyond those referenced (token0 and token1, which are assumed to be known based on the context provided). Therefore, the vulnerability is internally containable and correctable without needing further insight into other project contracts.

```json
{'result':'dont need In-project other contract'}
```","{

    IERC20 token0;
    IERC20 token1;

    // LP balance
    mapping(address => uint) balances0;
    mapping(address => uint) balances1;

    constructor(address t0, address t1){
        token0 = IERC20(t0);
        token1 = IERC20(t1);
    }

    // ******** USERS SWAP ******** //

    function inGivenOut(
        uint256 balanceIn,
        uint256 balanceOut,
        uint256 amountOut
    ) internal pure returns (uint256) {
        /**********************************************************************************
        // Derived from Balancer                                                         //
        // aO = amountOut                                                                //
        // bO = balanceOut                                                               //
        // bI = balanceIn              /  /            bO             \        \         //
        // aI = amountIn    aI = bI * |  | --------------------------  |   - 1  |        //
        //                             \  \       ( bO - aO )         /        /         //
        //                                                                               //
        **********************************************************************************/

        // We split the operations in three steps for readeability
        // Division, minus one, and multiplication

        //      /            bO             \                     //
        //     | --------------------------  |                    //
        //      \       ( bO - aO )         /                     //
        uint division = balanceOut / (balanceOut - amountOut);

        //  1 - [...]
        uint256 factor = division - ONE;

        // aI = bI * [...]
        return mul(balanceIn,  factor);
    }

    // Swap the asset
    function swapInGivenOut(bool isToken0, uint amountOut) public invariantCheck(){
        IERC20 tokenIn = isToken0?token0:token1;
        IERC20 tokenOut = isToken0?token1:token0;

        uint balanceIn = tokenIn.balanceOf(address(this));
        uint balanceOut = tokenOut.balanceOf(address(this));

        // We take 2% fee
        amountOut = amountOut * 98 / 100;
        uint amountIn = inGivenOut(balanceIn, balanceOut, amountOut);

        tokenOut.transfer(msg.sender, amountOut);
        tokenIn.transferFrom(msg.sender, address(this), amountIn);
    }

    // Ensure that the k = xy invariant hold
    // This will be disabled for production to save gas
    modifier invariantCheck(){
        uint balanceInBefore = token0.balanceOf(address(this));
        uint balanceOutBefore = token1.balanceOf(address(this));

        uint k_before = balanceInBefore * balanceOutBefore;

        _;

        uint balanceInAfter = token0.balanceOf(address(this));
        uint balanceOutAfter = token1.balanceOf(address(this));

        require(k_before == balanceInAfter * balanceOutAfter);
    }

    // ******** LIQUIDITY PROVIDERS ******** //

    // User can deposit their token0
    function deposit(uint amount) external nonReentrant {
        token0.transferFrom(msg.sender, address(this), amount);
        balances0[msg.sender] += amount;
    }

    // User can withdraw their token0 and token1
    // We follow the check effect interaction pattern
    function withdraw(uint amount0, uint amount1) external {
        balances0[msg.sender] -= amount0;
        balances1[msg.sender] -= amount1;
        token0.transfer(msg.sender, amount0);
        token1.transfer(msg.sender, amount1);
    }

    // User can withdraw all their token0 and token1
    // nonReentrant to protect from reentrancies
    function withdrawAll() external nonReentrant {
        token0.transfer(msg.sender, balances0[msg.sender]);
        token1.transfer(msg.sender, balances1[msg.sender]);
        balances0[msg.sender] = 0;
        balances1[msg.sender] = 0;
    }
}","","","",105,110,./src/dataset/agent-v1-c4/tob/Tob.sol,/Users/xuxiangy/Desktop/trickPrompt-engine/src/dataset/agent-v1-c4/tob/Tob.sol,"","","function withdraw(uint amount0, uint amount1) external {
        balances0[msg.sender] -= amount0;
        balances1[msg.sender] -= amount1;
        token0.transfer(msg.sender, amount0);
        token1.transfer(msg.sender, amount1);
    }","{""(105,110)""}","",1
98422,68c6bcc6a8bf6cd465e7e57b5d8d0e20,tob,MyPool.withdrawAll,"function withdrawAll() external nonReentrant {
        token0.transfer(msg.sender, balances0[msg.sender]);
        token1.transfer(msg.sender, balances1[msg.sender]);
        balances0[msg.sender] = 0;
        balances1[msg.sender] = 0;
    }",0.6443602877421132,"","","","","```json
{
  ""result"": ""yes""
}
```
### Vulnerability Description:
The vulnerability in the given smart contract code lies in the order of operations when executing token transfers and resetting balances during the withdrawAll function. This is a classic example of a re-entrancy attack vulnerability due to state changes not being updated before external calls.

#### Detailed Explanation:
The function `withdrawAll()` transfers tokens to the sender before setting their respective balances to zero. This order of operations is susceptible to a re-entrancy attack. In a re-entrancy attack, a malicious contract can call back into `withdrawAll()` during the token transfer execution because the balance is not yet set to zero. This can allow draining more tokens than the sender is entitled to. The contract in context could have been protected with the `nonReentrant` modifier, yet the usage is hypothetical with no actual trace in the context, thus marking this as the point of vulnerability.

### Exploitation Steps:
1. Assume an attacker controls a smart contract (let's call it `AttackerContract`) with functions designed to exploit the re-entrancy vulnerability.
2. `AttackerContract` calls `withdrawAll()` on the vulnerable contract.
3. During the execution of `token0.transfer`, control is transferred to the `AttackerContract` (if the token employs a call to the receiver, which is a standard ERC-20 implementation).
4. `AttackerContract`, while in this call, executes `withdrawAll()` again. Since balances for the tokens are still not set to zero after the first call, `AttackerContract` will again be eligible to withdraw the initial amount.
5. The recursive calls can stack, draining balances from the vulnerable contract far beyond the initial holdings of the `AttackerContract`.
6. The execution continues until the balance of `token0` or `token1` in the vulnerable contract is drained, resulting in much larger withdrawal than the attacker initially had entitlements to.

### Correction:
To secure this contract from re-entrancy attacks, ensure updates to state variables that track balances occur before calling external contracts (transferring tokens). Here is the corrected function:
```solidity
function withdrawAll() external nonReentrant {
    uint256 amount0 = balances0[msg.sender];
    uint256 amount1 = balances1[msg.sender];
    balances0[msg.sender] = 0;
    balances1[msg.sender] = 0;
    token0.transfer(msg.sender, amount0);
    token1.transfer(msg.sender, amount1);
}
```
In this corrected function version, `balances0[msg.sender]` and `balances1[msg.sender]` are first set to zero before transferring the tokens. This update in order removes the potential re-entrancy issue by ensuring that if a re-entry were to occur, the attacker finds a zero balance, preventing further withdrawals.","在给定的智能合约代码中存在的漏洞是关于在执行代币转移和在withdrawAll功能期间重置余额的操作顺序。这是一个典型的重入攻击漏洞案例，因为在进行外部调用之前没有更新状态更改。

### 详细解释：
函数`withdrawAll()`在将代币转移到发送者之前没有设置其相应余额为零。这种操作顺序容易受到重入攻击。在重入攻击中，一个恶意的合约可以在代币转移执行期间调用回`withdrawAll()`，因为余额还没有置为零。这可能允许攻击者提取比他们所应得的更多的代币。在本案例中，虽然可能使用`nonReentrant`修饰符来保护合约，但在现有上下文中没有真正使用，因此这成为了一个漏洞点。

### 漏洞利用步骤：
1. 假设一个攻击者控制了一个智能合约（我们称之为`AttackerContract`），其中包含设计用来利用重入漏洞的函数。
2. `AttackerContract`对有缺陷的合约调用`withdrawAll()`。
3. 在执行`token0.transfer`期间，控制权被转移到`AttackerContract`（如果代币采用对接收方的调用，这是标准的ERC-20实现）。
4. `AttackerContract`在此调用中执行`withdrawAll()`。由于在第一次调用后余额还未设置为零，`AttackerContract`将再次有资格提取初始金额。
5. 递归调用可以堆叠，从有缺陷的合约中提取的余额远远超过`AttackerContract`最初的持有权。
6. 执行继续直到合约中的`token0`或`token1`的余额被耗尽，从而导致比攻击者最初有权利的提款更大的损失。

### 更正措施：
要确保此合约免受重入攻击，确保在调用外部合约（转移代币）之前先更新跟踪余额的状态变量。以下是更正后的函数：
```solidity
function withdrawAll() external nonReentrant {
    uint256 amount0 = balances0[msg.sender];
    uint256 amount1 = balances1[msg.sender];
    balances0[msg.sender] = 0;
    balances1[msg.sender] = 0;
    token0.transfer(msg.sender, amount0);
    token1.transfer(msg.sender, amount1);
}
```
在这个更正后的函数版本中，`balances0[msg.sender]` 和 `balances1[msg.sender]` 首先被设置为零，然后再转移代币。通过这样的更新顺序移除了潜在的重入问题，确保了即使发生重复进入，攻击者也会发现余额为零，阻止了进一步的提款。","","The establishment of the vulnerability described (re-entrancy attack) does not depend on the code of other unknown or unprovided contracts within the project. It primarily hinges on the nature of the external calls (`token0.transfer` and `token1.transfer`) made within the `withdrawAll` function and their potential to trigger callback functions in external contracts. Therefore, the vulnerability is fundamentally linked to the state change and external calls rather than any specific dependency on other in-project contracts.

```json
{'result':'dont need In-project other contract'}
```","{

    IERC20 token0;
    IERC20 token1;

    // LP balance
    mapping(address => uint) balances0;
    mapping(address => uint) balances1;

    constructor(address t0, address t1){
        token0 = IERC20(t0);
        token1 = IERC20(t1);
    }

    // ******** USERS SWAP ******** //

    function inGivenOut(
        uint256 balanceIn,
        uint256 balanceOut,
        uint256 amountOut
    ) internal pure returns (uint256) {
        /**********************************************************************************
        // Derived from Balancer                                                         //
        // aO = amountOut                                                                //
        // bO = balanceOut                                                               //
        // bI = balanceIn              /  /            bO             \        \         //
        // aI = amountIn    aI = bI * |  | --------------------------  |   - 1  |        //
        //                             \  \       ( bO - aO )         /        /         //
        //                                                                               //
        **********************************************************************************/

        // We split the operations in three steps for readeability
        // Division, minus one, and multiplication

        //      /            bO             \                     //
        //     | --------------------------  |                    //
        //      \       ( bO - aO )         /                     //
        uint division = balanceOut / (balanceOut - amountOut);

        //  1 - [...]
        uint256 factor = division - ONE;

        // aI = bI * [...]
        return mul(balanceIn,  factor);
    }

    // Swap the asset
    function swapInGivenOut(bool isToken0, uint amountOut) public invariantCheck(){
        IERC20 tokenIn = isToken0?token0:token1;
        IERC20 tokenOut = isToken0?token1:token0;

        uint balanceIn = tokenIn.balanceOf(address(this));
        uint balanceOut = tokenOut.balanceOf(address(this));

        // We take 2% fee
        amountOut = amountOut * 98 / 100;
        uint amountIn = inGivenOut(balanceIn, balanceOut, amountOut);

        tokenOut.transfer(msg.sender, amountOut);
        tokenIn.transferFrom(msg.sender, address(this), amountIn);
    }

    // Ensure that the k = xy invariant hold
    // This will be disabled for production to save gas
    modifier invariantCheck(){
        uint balanceInBefore = token0.balanceOf(address(this));
        uint balanceOutBefore = token1.balanceOf(address(this));

        uint k_before = balanceInBefore * balanceOutBefore;

        _;

        uint balanceInAfter = token0.balanceOf(address(this));
        uint balanceOutAfter = token1.balanceOf(address(this));

        require(k_before == balanceInAfter * balanceOutAfter);
    }

    // ******** LIQUIDITY PROVIDERS ******** //

    // User can deposit their token0
    function deposit(uint amount) external nonReentrant {
        token0.transferFrom(msg.sender, address(this), amount);
        balances0[msg.sender] += amount;
    }

    // User can withdraw their token0 and token1
    // We follow the check effect interaction pattern
    function withdraw(uint amount0, uint amount1) external {
        balances0[msg.sender] -= amount0;
        balances1[msg.sender] -= amount1;
        token0.transfer(msg.sender, amount0);
        token1.transfer(msg.sender, amount1);
    }

    // User can withdraw all their token0 and token1
    // nonReentrant to protect from reentrancies
    function withdrawAll() external nonReentrant {
        token0.transfer(msg.sender, balances0[msg.sender]);
        token1.transfer(msg.sender, balances1[msg.sender]);
        balances0[msg.sender] = 0;
        balances1[msg.sender] = 0;
    }
}","","","",114,119,./src/dataset/agent-v1-c4/tob/Tob.sol,/Users/xuxiangy/Desktop/trickPrompt-engine/src/dataset/agent-v1-c4/tob/Tob.sol,"","","function withdrawAll() external nonReentrant {
        token0.transfer(msg.sender, balances0[msg.sender]);
        token1.transfer(msg.sender, balances1[msg.sender]);
        balances0[msg.sender] = 0;
        balances1[msg.sender] = 0;
    }","{""(114,119)""}","",1
98426,1d33e6371fead02819e2ba6fa5e2eb16,tob,MyPool.withdrawAll,"function withdrawAll() external nonReentrant {
        token0.transfer(msg.sender, balances0[msg.sender]);
        token1.transfer(msg.sender, balances1[msg.sender]);
        balances0[msg.sender] = 0;
        balances1[msg.sender] = 0;
    }",0.7284170401292973,"","","","","```json
{
  ""result"": ""no""
}
```
### Vulnerability Description:
The vulnerability present in the withdrawAll function is a state update after external calls (also known as the Checks-Effects-Interactions pattern violation). The code updates users' balances of `token0` and `token1` to 0 **after** transferring the tokens to the user. This order of operations potentially allows for a reentrancy attack if either `token0.transfer` or `token1.transfer` functions allow calls back into the contract, despite the use of `nonReentrant` modifier which should prevent reentrant executions.

### Step-by-Step Exploitation:
Here is how this vulnerability could be exploited, assuming that a way to bypass `nonReentrant` exists or in scenarios where `nonReentrant` might not function as intended:

1. **Initial Setup**: Assume an attacker has some balance of `token0` and `token1` in this contract.
2. **Recursion-Inducing Call**: The attacker can create a contract (let's call it an Attacker Contract) that calls `withdrawAll` in its token transfer function which is expected to be triggered by `token0.transfer` and `token1.transfer`.
3. **Trigger Withdraw**: The attacker, through the Attacker Contract, calls `withdrawAll` from the main contract.
4. **Execution of `token0.transfer` or `token1.transfer`**: When `token0.transfer` or `token1.transfer` is called, it calls back into the Attacker Contract's token receiving function, which then calls `withdrawAll` again (assuming bypassing or failure of `nonReentrant`).
5. **Repeated Withdrawals**: Due to the state update (balance reset) being executed after the transfers, every recursive call allows the withdrawal of the balances over and over again until execution stops (like hitting a gas limit).
6. **Result**: Multiple withdrawals execute while the balances only get set to 0 after all recursive calls are finished, leading to a potential severe loss of tokens from the contract.

### Conclusion:
To properly safeguard against this vulnerability, the state (balances reset) should occur **before** making any external calls (transfers in this case). This order would prevent any recursive exploitation through reentering into the `withdrawAll` function. Thus, the steps should be:

- First, set `balances0[msg.sender] = 0` and `balances1[msg.sender] = 0`.
- Then, call `token0.transfer(msg.sender, balances0[msg.sender])` and `token1.transfer(msg.sender, balances1[msg.sender])`.

This sequence respects the checks-effects-interactions pattern, prioritizing state changes before external effects, thus significantly reducing the risk of recursive attacks or reentrancy issues even if `nonReentrant` were to be bypassed or malfunction.","在撤回所有功能中存在的漏洞是状态更新在外部调用之后（也称为检查-影响-交互模式违规）。代码在将token0和token1转移到用户后，将用户的token0和token1余额更新为0。这种操作顺序可能允许重入攻击，如果token0.transfer或token1.transfer函数允许回调到合同中，尽管使用了nonReentrant修饰符应防止重入执行。

### 漏洞利用步骤:
1. **初始设置**：假设攻击者在该合同中拥有一些token0和token1的余额。
2. **诱导递归调用**：攻击者可以创建一个合约（称之为攻击者合约），调用其token传输函数中的withdrawAll，该函数预期将由token0.transfer和token1.transfer触发。
3. **触发提款**: 攻击者通过攻击者合同，从主合同中调用withdrawAll。
4. **执行token0.transfer或token1.transfer**：当调用token0.transfer或token1.transfer时，它会回调到攻击者合约的接收token函数，然后再次调用withdrawAll（假设绕过或失败nonReentrant）。
5. **重复提款**:由于状态更新（余额重置）在传输后执行，每个递归调用都允许多次提取余额，直到执行停止（如达到气体限制）。
6. **结果**: 多次提款在所有递归调用结束后才执行余额设置为0，导致合约可能严重丧失代币。

### 结论：
为了有效防止这种漏洞，状态（余额重置）应该在进行任何外部调用（此案例中的转账）之前发生。正确的顺序应该是：
- 首先，设置 `balances0[msg.sender] = 0` 和 `balances1[msg.sender] = 0`。
- 然后，调用 `token0.transfer(msg.sender, balances0[msg.sender])` 和 `token1.transfer(msg.sender, balances1[msg.sender])`。

这个顺序遵循检查-影响-交互模式，优先考虑状态变化之前的外部效应，从而大大减少了通过重入到withdrawAll功能中的递归攻击或重入问题的风险，即使nonReentrant被绕过或发生故障。","","The vulnerability described does not inherently depend on the code of other unknown or unprovided contracts within the project for its establishment. Though the example uses a hypothetical attacker contract that takes advantage of the vulnerability, the core of the vulnerability lies within the ordering of operations (state updates after external calls) in the `withdrawAll` function. The execution of the reentrancy or recursive call does assume the possibility of external interaction, but this is a general risk with any such external call and does not specifically rely on in-project contracts. Therefore, the establishment of the vulnerability itself is intrinsic to the code provided and does not require details from other contracts within the project. It does depend on external calls (token transfers), but does not specifically require other contracts' internal code details.

{'result':'dont need In-project other contract'}","{

    IERC20 token0;
    IERC20 token1;

    // LP balance
    mapping(address => uint) balances0;
    mapping(address => uint) balances1;

    constructor(address t0, address t1){
        token0 = IERC20(t0);
        token1 = IERC20(t1);
    }

    // ******** USERS SWAP ******** //

    function inGivenOut(
        uint256 balanceIn,
        uint256 balanceOut,
        uint256 amountOut
    ) internal pure returns (uint256) {
        /**********************************************************************************
        // Derived from Balancer                                                         //
        // aO = amountOut                                                                //
        // bO = balanceOut                                                               //
        // bI = balanceIn              /  /            bO             \        \         //
        // aI = amountIn    aI = bI * |  | --------------------------  |   - 1  |        //
        //                             \  \       ( bO - aO )         /        /         //
        //                                                                               //
        **********************************************************************************/

        // We split the operations in three steps for readeability
        // Division, minus one, and multiplication

        //      /            bO             \                     //
        //     | --------------------------  |                    //
        //      \       ( bO - aO )         /                     //
        uint division = balanceOut / (balanceOut - amountOut);

        //  1 - [...]
        uint256 factor = division - ONE;

        // aI = bI * [...]
        return mul(balanceIn,  factor);
    }

    // Swap the asset
    function swapInGivenOut(bool isToken0, uint amountOut) public invariantCheck(){
        IERC20 tokenIn = isToken0?token0:token1;
        IERC20 tokenOut = isToken0?token1:token0;

        uint balanceIn = tokenIn.balanceOf(address(this));
        uint balanceOut = tokenOut.balanceOf(address(this));

        // We take 2% fee
        amountOut = amountOut * 98 / 100;
        uint amountIn = inGivenOut(balanceIn, balanceOut, amountOut);

        tokenOut.transfer(msg.sender, amountOut);
        tokenIn.transferFrom(msg.sender, address(this), amountIn);
    }

    // Ensure that the k = xy invariant hold
    // This will be disabled for production to save gas
    modifier invariantCheck(){
        uint balanceInBefore = token0.balanceOf(address(this));
        uint balanceOutBefore = token1.balanceOf(address(this));

        uint k_before = balanceInBefore * balanceOutBefore;

        _;

        uint balanceInAfter = token0.balanceOf(address(this));
        uint balanceOutAfter = token1.balanceOf(address(this));

        require(k_before == balanceInAfter * balanceOutAfter);
    }

    // ******** LIQUIDITY PROVIDERS ******** //

    // User can deposit their token0
    function deposit(uint amount) external nonReentrant {
        token0.transferFrom(msg.sender, address(this), amount);
        balances0[msg.sender] += amount;
    }

    // User can withdraw their token0 and token1
    // We follow the check effect interaction pattern
    function withdraw(uint amount0, uint amount1) external {
        balances0[msg.sender] -= amount0;
        balances1[msg.sender] -= amount1;
        token0.transfer(msg.sender, amount0);
        token1.transfer(msg.sender, amount1);
    }

    // User can withdraw all their token0 and token1
    // nonReentrant to protect from reentrancies
    function withdrawAll() external nonReentrant {
        token0.transfer(msg.sender, balances0[msg.sender]);
        token1.transfer(msg.sender, balances1[msg.sender]);
        balances0[msg.sender] = 0;
        balances1[msg.sender] = 0;
    }
}","","","",114,119,./src/dataset/agent-v1-c4/tob/Tob.sol,/Users/xuxiangy/Desktop/trickPrompt-engine/src/dataset/agent-v1-c4/tob/Tob.sol,"","","function withdrawAll() external nonReentrant {
        token0.transfer(msg.sender, balances0[msg.sender]);
        token1.transfer(msg.sender, balances1[msg.sender]);
        balances0[msg.sender] = 0;
        balances1[msg.sender] = 0;
    }","{""(114,119)""}","",1
98425,25b3102388308a26d6461d61ff531cf6,tob,MyPool.withdrawAll,"function withdrawAll() external nonReentrant {
        token0.transfer(msg.sender, balances0[msg.sender]);
        token1.transfer(msg.sender, balances1[msg.sender]);
        balances0[msg.sender] = 0;
        balances1[msg.sender] = 0;
    }",0.7362875832147036,"","","","","{
    ""result"": ""no"",
    ""info"": ""corner case""
}
1. **Vulnerability Description:**
   The vulnerability in the given `withdrawAll()` function arises due to the order of operations where token transfers are performed before the balances of the sender's tokens are set to zero. This allows for a reentrancy attack, even though the `nonReentrant` modifier is used, but let's assume it's either incorrectly implemented or ineffective against certain forms of reentrancy. In Ethereum and similar blockchain platforms, it's important to perform state changes before external calls (like token transfers) to prevent reentrant calls from exploiting the state that has yet to be updated.

2. **Step-by-step Exploitation:**
   - **Assumptions**: The attacker has some balance of token0 and token1 in the contract.
   - **Step 1**: Deploy a malicious contract that will call back into the `withdrawAll()` function when it receives tokens.
   - **Step 2**: Ensure the malicious contract has methods to receive either `token0` or `token1` and in the token receive function, trigger a call back to `withdrawAll()` function of the primary contract.
   - **Step 3**: From the attacker’s original address (not the malicious contract), call the `withdrawAll()` function. This triggers the transfer of `token0` and `token1` to the attacker's address or directly to the malicious contract if designated.
   - **Step 4**: Upon receiving the tokens, the malicious contract automatically reinstates a call to `withdrawAll()`. Since the balances are not yet set to zero (that happens after the token transfers), the contract logic sees that there is still a balance and attempts to transfer again.
   - **Step 5**: This can be done iteratively until the balance manipulation after the transfers, looping the withdrawal process multiple times within a single transaction, effectively draining more than the attacker's legitimate balance.

3. **Solution:**
   The function `withdrawAll()` should first set the balances of `msg.sender` to zero for both tokens before initiating the transfers. This would effectively lock down the state before any external interactions can reintroduce changes to it. Thus, the vulnerable transaction should be rewritten as:

   ```solidity
   function withdrawAll() external nonReentrant {
       uint256 amount0 = balances0[msg.sender];
       uint256 amount1 = balances1[msg.sender];
       balances0[msg.sender] = 0;
       balances1[msg.sender] = 0;
       token0.transfer(msg.sender, amount0);
       token1.transfer(msg.sender, amount1);
   }
   ```

   This adjustment ensures that even if a reentrant call occurs, the balances have already been zeroed out, and the reentrant execution will not find any balance to withdraw again, preventing the exploitation.","这个漏洞的根本问题在于`withdrawAll()`函数中调用顺序的问题，即在将调用者的token余额清零之前先执行了token转移。这样的操作顺序导致可能会发生重入攻击。在以太坊及类似的区块链平台上，为了防止重入攻击，一般推荐在执行外部调用（如token转移）前先进行状态更改。

具体来说，如果攻击者在合约中有`token0`和`token1`的余额，他可以部署一个恶意合约，该合约在接收到token时会回调`withdrawAll()`函数。当攻击者触发`withdrawAll()`函数时，首先会将token0和token1转移到指定的地址（可能是攻击者地址或恶意合约地址）。一旦恶意合约接收到这些token，它将自动执行回调到`withdrawAll()`函数。由于此时用户的token余额尚未清零（清零操作在token转移后进行），合约逻辑将再次执行转移，使得可以在一次交易中反复提取超过攻击者实际余额的资金。

解决方案是在进行任何token转移之前，先将调用者的`token0`和`token1`的余额设为零。这样即使发生重入调用，由于余额已经归零，重入执行将无法继续提取余额，从而有效防止攻击。所述的改动确保了即使在出现重入调用的情况下，也不会因为状态未更新而被重复利用。","",{'result':'need In-project other contract'},"{

    IERC20 token0;
    IERC20 token1;

    // LP balance
    mapping(address => uint) balances0;
    mapping(address => uint) balances1;

    constructor(address t0, address t1){
        token0 = IERC20(t0);
        token1 = IERC20(t1);
    }

    // ******** USERS SWAP ******** //

    function inGivenOut(
        uint256 balanceIn,
        uint256 balanceOut,
        uint256 amountOut
    ) internal pure returns (uint256) {
        /**********************************************************************************
        // Derived from Balancer                                                         //
        // aO = amountOut                                                                //
        // bO = balanceOut                                                               //
        // bI = balanceIn              /  /            bO             \        \         //
        // aI = amountIn    aI = bI * |  | --------------------------  |   - 1  |        //
        //                             \  \       ( bO - aO )         /        /         //
        //                                                                               //
        **********************************************************************************/

        // We split the operations in three steps for readeability
        // Division, minus one, and multiplication

        //      /            bO             \                     //
        //     | --------------------------  |                    //
        //      \       ( bO - aO )         /                     //
        uint division = balanceOut / (balanceOut - amountOut);

        //  1 - [...]
        uint256 factor = division - ONE;

        // aI = bI * [...]
        return mul(balanceIn,  factor);
    }

    // Swap the asset
    function swapInGivenOut(bool isToken0, uint amountOut) public invariantCheck(){
        IERC20 tokenIn = isToken0?token0:token1;
        IERC20 tokenOut = isToken0?token1:token0;

        uint balanceIn = tokenIn.balanceOf(address(this));
        uint balanceOut = tokenOut.balanceOf(address(this));

        // We take 2% fee
        amountOut = amountOut * 98 / 100;
        uint amountIn = inGivenOut(balanceIn, balanceOut, amountOut);

        tokenOut.transfer(msg.sender, amountOut);
        tokenIn.transferFrom(msg.sender, address(this), amountIn);
    }

    // Ensure that the k = xy invariant hold
    // This will be disabled for production to save gas
    modifier invariantCheck(){
        uint balanceInBefore = token0.balanceOf(address(this));
        uint balanceOutBefore = token1.balanceOf(address(this));

        uint k_before = balanceInBefore * balanceOutBefore;

        _;

        uint balanceInAfter = token0.balanceOf(address(this));
        uint balanceOutAfter = token1.balanceOf(address(this));

        require(k_before == balanceInAfter * balanceOutAfter);
    }

    // ******** LIQUIDITY PROVIDERS ******** //

    // User can deposit their token0
    function deposit(uint amount) external nonReentrant {
        token0.transferFrom(msg.sender, address(this), amount);
        balances0[msg.sender] += amount;
    }

    // User can withdraw their token0 and token1
    // We follow the check effect interaction pattern
    function withdraw(uint amount0, uint amount1) external {
        balances0[msg.sender] -= amount0;
        balances1[msg.sender] -= amount1;
        token0.transfer(msg.sender, amount0);
        token1.transfer(msg.sender, amount1);
    }

    // User can withdraw all their token0 and token1
    // nonReentrant to protect from reentrancies
    function withdrawAll() external nonReentrant {
        token0.transfer(msg.sender, balances0[msg.sender]);
        token1.transfer(msg.sender, balances1[msg.sender]);
        balances0[msg.sender] = 0;
        balances1[msg.sender] = 0;
    }
}","","","",114,119,./src/dataset/agent-v1-c4/tob/Tob.sol,/Users/xuxiangy/Desktop/trickPrompt-engine/src/dataset/agent-v1-c4/tob/Tob.sol,"","","function withdrawAll() external nonReentrant {
        token0.transfer(msg.sender, balances0[msg.sender]);
        token1.transfer(msg.sender, balances1[msg.sender]);
        balances0[msg.sender] = 0;
        balances1[msg.sender] = 0;
    }","{""(114,119)""}","",1
98430,ae77d7f7bbe275625479705cbc06e6bd,tob,MyPool.withdrawAll,"function withdrawAll() external nonReentrant {
        token0.transfer(msg.sender, balances0[msg.sender]);
        token1.transfer(msg.sender, balances1[msg.sender]);
        balances0[msg.sender] = 0;
        balances1[msg.sender] = 0;
    }",0.37771694079435303,"","","","","Analyzing the given Solidity function `withdrawAll()` step by step:

1. The function is declared with the `external` keyword, meaning it is intended to be called from other contracts or transactions originating externally.
2. The `nonReentrant` modifier is used, which is typically employed to prevent reentrancy attacks. This modifier is a common security practice to ensure that the function cannot be re-entered while it is still executing.

    ```solidity
    function withdrawAll() external nonReentrant {
       ...
    }
    ```

3. Inside the function, there are two main operations before setting the balances to zero:
   - `token0.transfer(msg.sender, balances0[msg.sender]);`
   - `token1.transfer(msg.sender, balances1[msg.sender]);`

   These lines are responsible for sending the token amounts back to the message sender based on their stored balances.

4. After transferring the tokens, the function sets the sender's token balances to zero:
   - `balances0[msg.sender] = 0;`
   - `balances1[msg.sender] = 0;`

Reviewing these steps, the function design is supposed to prevent reentrancy by utilizing the `nonReentrant` modifier. If the `nonReentrant` modifier is correctly implemented and effective (meaning it truly prevents any reentrant execution path), the vulnerability discussed would be mitigated. 

However, if this modifier were ineffective or incorrectly implemented, then a reentrancy attack as described could indeed take place: the repeated invocations could allow withdrawal of token amounts multiple times before the balances are set to zero.

**Conclusion**:
Assuming the implementation of the `nonReentrant` modifier is effective and correctly enforced, the risk of this form of reentrancy attack should be considered mitigated. This analysis heavily depends on the correct functioning of that modifier, a common and crucial security pattern in Solidity smart contracts. Therefore, if nonReentrancy works as intended, then the vulnerability does not exist under normal circumstances.

```json
{""result"":""no""}
```
**Vulnerability Description**:
The vulnerability present in the code is related to the sequence of operations in the function `withdrawAll()`. The function first processes the token transfers to the sender and then sets the sender's balances to zero. This ordering of operations leaves a window for reentrancy vulnerability. Despite the mention of `nonReentrant`, which indicates an intention to guard against reentrancy attacks, the assumption here is that some contract mechanism fails to enforce this guard effectively, rendering this precautionary measure moot.

**Step-by-Step Exploitation**:
1. Assume the existence of a fallback or receive function in the calling contract, which is executed when it receives tokens (both token0 and token1 are ERC20 or similar tokens that trigger a call when sending tokens).
2. The malicious sender, who has a non-zero balance of `balances0` and `balances1`, calls `withdrawAll()`.
3. During the token transfer operations (`token0.transfer(msg.sender, balances0[msg.sender])` and `token1.transfer(msg.sender, balances1[msg.sender])`), control is handed over to the malicious contract via the fallback or receive function.
4. The fallback function in the malicious contract then calls `withdrawAll()` again. Since the balances have not yet been set to zero in the original call, this nested call will again transfer the respective amounts of `token0` and `token1` to the sender.
5. The function execution returns from the nested call to the original call, and now the balances are set to zero – but only after the funds have been erroneously withdrawn twice.
6. As a result, the attacker has effectively doubled their withdrawal, exploiting the logical flaw in the ordering of operations in the `withdrawAll()` function.

**Implications**:
The exploit allows an attacker to withdraw up to twice the amount they actually owned in token0 and token1 from the contract, potentially draining the contract's funds rapidly. This vulnerability, if exploited, could effectively invalidate the integrity and the primary functional guarantee of the contract.

**Corrective Action**:
To correct this vulnerabilities, the balance should be reset to zero before transferring the tokens. The corrected code should look like:

```solidity
function withdrawAll() external nonReentrant {
    uint256 balance0 = balances0[msg.sender];
    uint256 balance1 = balances1[msg.sender];
    
    balances0[msg.sender] = 0;
    balances1[msg.sender] = 0;

    token0.transfer(msg.sender, balance0);
    token1.transfer(msg.sender, balance1);
}
```

This reordering ensures that even if a reentrant call happens, no tokens are double-withdrawn, as the balances would already be zeroed out prior to any token transfers.","在`withdrawAll()`函数中的漏洞与防范重入攻击的`nonReentrant`修改器应用失败或未生效有关。

**漏洞详情**：
此函数的操作顺序首先是向调用者发送代币，然后把调用者的余额归零。这种操作顺序留下了可利用的重入攻击空间。

**具体利用步骤**：
1. 假设调用方合约具有在接收代币时会被触发执行的回退或接收（fallback 或 receive）函数。
2. 有恶意意图的调用方，其`balances0`和`balances1`非零，发起`withdrawAll()`函数调用。
3. 在执行代币转账操作（`token0.transfer(msg.sender, balances0[msg.sender])` 和 `token1.transfer(msg.sender, balances1[msg.sender])`）期间，控制权通过回退或接收函数转交给恶意合约。
4. 恶意合约中的回退函数随即再次调用`withdrawAll()`。由于在原始调用中尚未将余额归零，这个嵌套调用将再次将相应数量的`token0`和`token1`转账给发起者。
5. 当从嵌套调用返回到原始调用时，此时余额才被设置为零——但这已经在资金被错误提取两次之后了。
6. 结果，攻击者实际上提取了他们实际拥有的`token0`和`token1`量的两倍，利用了`withdrawAll()`函数操作顺序中的逻辑漏洞。

**后果**：
该漏洞允许攻击者从合约中提取高达其实际拥有的两倍量的代币，可能会迅速耗尽合约中的资金。如果被利用，这种漏洞将有效破坏合约的完整性和基本功能保证。

**纠正措施**：
为了修正此漏洞，该函数应该在转移代币之前就将余额归零。修正后的代码将保证即使发生重入调用，也不会有代币被重复提取，因为在任何代币转移之前余额已经被归零了。","","The establishment of the attack and exploitation of the vulnerability described primarily revolves around the possibility of the attacking contract having a fallback or receive function that can trigger additional calls back to the `withdrawAll()` function within the same transaction. This type of attack is fundamentally dependent on the behavior of the external contract (in this case, the attacking contract) because the reentrancy is made possible through external calls initiated by the token transfer. Therefore, the vulnerability exploitation hinges on the code and behavior of these other external contracts, which are not provided as part of this project's code.

Accordingly, the establishment of this vulnerability is affected by external calls or contract states that are not encapsulated within the direct project's contract code, underpinning a reliance on how other external contracts interact with the provided `withdrawAll()` function.

```json
{
  ""result"": ""need In-project other contract""
}
```","{

    IERC20 token0;
    IERC20 token1;

    // LP balance
    mapping(address => uint) balances0;
    mapping(address => uint) balances1;

    constructor(address t0, address t1){
        token0 = IERC20(t0);
        token1 = IERC20(t1);
    }

    // ******** USERS SWAP ******** //

    function inGivenOut(
        uint256 balanceIn,
        uint256 balanceOut,
        uint256 amountOut
    ) internal pure returns (uint256) {
        /**********************************************************************************
        // Derived from Balancer                                                         //
        // aO = amountOut                                                                //
        // bO = balanceOut                                                               //
        // bI = balanceIn              /  /            bO             \        \         //
        // aI = amountIn    aI = bI * |  | --------------------------  |   - 1  |        //
        //                             \  \       ( bO - aO )         /        /         //
        //                                                                               //
        **********************************************************************************/

        // We split the operations in three steps for readeability
        // Division, minus one, and multiplication

        //      /            bO             \                     //
        //     | --------------------------  |                    //
        //      \       ( bO - aO )         /                     //
        uint division = balanceOut / (balanceOut - amountOut);

        //  1 - [...]
        uint256 factor = division - ONE;

        // aI = bI * [...]
        return mul(balanceIn,  factor);
    }

    // Swap the asset
    function swapInGivenOut(bool isToken0, uint amountOut) public invariantCheck(){
        IERC20 tokenIn = isToken0?token0:token1;
        IERC20 tokenOut = isToken0?token1:token0;

        uint balanceIn = tokenIn.balanceOf(address(this));
        uint balanceOut = tokenOut.balanceOf(address(this));

        // We take 2% fee
        amountOut = amountOut * 98 / 100;
        uint amountIn = inGivenOut(balanceIn, balanceOut, amountOut);

        tokenOut.transfer(msg.sender, amountOut);
        tokenIn.transferFrom(msg.sender, address(this), amountIn);
    }

    // Ensure that the k = xy invariant hold
    // This will be disabled for production to save gas
    modifier invariantCheck(){
        uint balanceInBefore = token0.balanceOf(address(this));
        uint balanceOutBefore = token1.balanceOf(address(this));

        uint k_before = balanceInBefore * balanceOutBefore;

        _;

        uint balanceInAfter = token0.balanceOf(address(this));
        uint balanceOutAfter = token1.balanceOf(address(this));

        require(k_before == balanceInAfter * balanceOutAfter);
    }

    // ******** LIQUIDITY PROVIDERS ******** //

    // User can deposit their token0
    function deposit(uint amount) external nonReentrant {
        token0.transferFrom(msg.sender, address(this), amount);
        balances0[msg.sender] += amount;
    }

    // User can withdraw their token0 and token1
    // We follow the check effect interaction pattern
    function withdraw(uint amount0, uint amount1) external {
        balances0[msg.sender] -= amount0;
        balances1[msg.sender] -= amount1;
        token0.transfer(msg.sender, amount0);
        token1.transfer(msg.sender, amount1);
    }

    // User can withdraw all their token0 and token1
    // nonReentrant to protect from reentrancies
    function withdrawAll() external nonReentrant {
        token0.transfer(msg.sender, balances0[msg.sender]);
        token1.transfer(msg.sender, balances1[msg.sender]);
        balances0[msg.sender] = 0;
        balances1[msg.sender] = 0;
    }
}","","","",114,119,./src/dataset/agent-v1-c4/tob/Tob.sol,/Users/xuxiangy/Desktop/trickPrompt-engine/src/dataset/agent-v1-c4/tob/Tob.sol,"","","function withdrawAll() external nonReentrant {
        token0.transfer(msg.sender, balances0[msg.sender]);
        token1.transfer(msg.sender, balances1[msg.sender]);
        balances0[msg.sender] = 0;
        balances1[msg.sender] = 0;
    }","{""(114,119)""}","",1
98429,7dc1b53051b2063680c71b94d5a20139,tob,MyPool.withdrawAll,"function withdrawAll() external nonReentrant {
        token0.transfer(msg.sender, balances0[msg.sender]);
        token1.transfer(msg.sender, balances1[msg.sender]);
        balances0[msg.sender] = 0;
        balances1[msg.sender] = 0;
    }",0.763741193136894,"","","","","{
    ""result"": ""no""
}
1. **Vulnerability Description**:
   The primary vulnerability in the provided `withdrawAll` function is related to the ordering of operations where token transfers are made before zeroing out the user's balances. This can potentially lead to a reentrancy-like attack even though `nonReentrant` is used, as the modification of the state (zeroing balances) happens after the external call to the `transfer` methods. This opened vulnerability could unintentionally make the contract susceptible to an exploit where a similar effect to reentrancy could occur due to the logical flow of the function, specifically, an attacker could recursively call the function to withdraw more than their actual balance.

2. **Step-by-Step Exploit**:
   a. An attacker first deposits tokens into the contract such that `balances0[attacker]` and `balances1[attacker]` are greater than zero.
   
   b. The attacker prepares a malicious contract that calls back into the `withdrawAll` function of the main contract.
   
   c. When the `withdrawAll` function in the main contract is triggered by the attacker, it transfers the respective token amounts to the attacker as per the balances recorded.
   
   d. Before the function execution completes (after the transfer method calls but before balance zeroing), the attacker's contract recursively calls the `withdrawAll` function again due to the execution control being transferred to them during the token transfer..

   e. On this recursive call, the balances are still non-zero (as the state changes are at the end of the function in the main contract). Thus, the `token0.transfer` and `token1.transfer` will execute again, allowing the same tokens to be transferred multiple times to the attacker until the transaction runs out of gas or execution reverts for another reason.
   
   f. This can potentially drain the contract of tokens corresponding to the attacker's initial non-zero balances several times over, exploiting the fact that the balances are set to zero only at the end of the function.

3. **Correction**:
   To correct this vulnerability, you should reorder the operations in the `withdrawAll` function such that the state changes (setting the balances to zero) occurs **before** making the external calls to `transfer`. This ensures that even if there was a way to re-enter the function, the balances would already be set to zero, preventing further unintended withdrawals.

   ```solidity
   function withdrawAll() external nonReentrant {
        // First zero out the balances
        uint amount0 = balances0[msg.sender];
        uint amount1 = balances1[msg.sender];
        balances0[msg.sender] = 0;
        balances1[msg.sender] = 0;

        // Then perform the transfers
        token0.transfer(msg.sender, amount0);
        token1.transfer(msg.sender, amount1);
    }
   ``` 

This reordering of balance mutation before the external calls guards against the possible exploitation of this logical flaw while still maintaining the intended functionality of the function.","这个 `withdrawAll` 函数中的主要漏洞在于操作的顺序问题，即在将用户余额归零之前先进行了代币转移操作。这种操作顺序可能导致尽管使用了 `nonReentrant` 函数修饰符，仍旧出现类似重入的攻击。这是因为在外部调用 `transfer` 方法之后，才修改状态（余额归零）。这种开放的漏洞可能意外地使合约容易受到攻击，其中攻击者可能因为函数的逻辑流程而递归地调用函数多次提取超出其实际余额的代币。

如果攻击者能够在代币转移执行过程中（在 `transfer` 方法调用之后但余额归零之前）重新进入 `withdrawAll` 函数，由于在主合约中函数的状态变更在函数末尾，余额还未被设置为零，那么 `token0.transfer` 和 `token1.transfer` 将再次执行。这允许相同的代币多次转移到攻击者账户，直到交易耗尽所有gas或出于其他原因执行回退。

为了纠正这个漏洞，应该重新安排 `withdrawAll` 函数中的操作顺序，使得状态更改（余额设置为零）在进行外部调用 `transfer` 之前完成。这确保了即使有方法重新进入该函数，余额也已经被设置为零，防止进一步的未授权提款。","","In the provided `withdrawAll` function, the establishment of the vulnerability described does not inherently depend on the code of other unknown or unprovided contracts within the project. The vulnerability stems from the ordering of operations and state mutation after making external calls within the function itself. The behavior and risks associated with this vulnerability can be analyzed and understood merely by inspecting the `withdrawAll` function alone, without the need for additional contract context.

Thus, the establishment of the vulnerability is not affected by any other contracts outside the ones interacting through `token0.transfer` and `token1.transfer` calls, which are typical ERC20 transfer functions and do not entail invoking any unknown contracts that could modify the behavior of the vulnerability in question.

Therefore, the JSON result is:
```json
{""result"":""dont need In-project other contract""}
```","{

    IERC20 token0;
    IERC20 token1;

    // LP balance
    mapping(address => uint) balances0;
    mapping(address => uint) balances1;

    constructor(address t0, address t1){
        token0 = IERC20(t0);
        token1 = IERC20(t1);
    }

    // ******** USERS SWAP ******** //

    function inGivenOut(
        uint256 balanceIn,
        uint256 balanceOut,
        uint256 amountOut
    ) internal pure returns (uint256) {
        /**********************************************************************************
        // Derived from Balancer                                                         //
        // aO = amountOut                                                                //
        // bO = balanceOut                                                               //
        // bI = balanceIn              /  /            bO             \        \         //
        // aI = amountIn    aI = bI * |  | --------------------------  |   - 1  |        //
        //                             \  \       ( bO - aO )         /        /         //
        //                                                                               //
        **********************************************************************************/

        // We split the operations in three steps for readeability
        // Division, minus one, and multiplication

        //      /            bO             \                     //
        //     | --------------------------  |                    //
        //      \       ( bO - aO )         /                     //
        uint division = balanceOut / (balanceOut - amountOut);

        //  1 - [...]
        uint256 factor = division - ONE;

        // aI = bI * [...]
        return mul(balanceIn,  factor);
    }

    // Swap the asset
    function swapInGivenOut(bool isToken0, uint amountOut) public invariantCheck(){
        IERC20 tokenIn = isToken0?token0:token1;
        IERC20 tokenOut = isToken0?token1:token0;

        uint balanceIn = tokenIn.balanceOf(address(this));
        uint balanceOut = tokenOut.balanceOf(address(this));

        // We take 2% fee
        amountOut = amountOut * 98 / 100;
        uint amountIn = inGivenOut(balanceIn, balanceOut, amountOut);

        tokenOut.transfer(msg.sender, amountOut);
        tokenIn.transferFrom(msg.sender, address(this), amountIn);
    }

    // Ensure that the k = xy invariant hold
    // This will be disabled for production to save gas
    modifier invariantCheck(){
        uint balanceInBefore = token0.balanceOf(address(this));
        uint balanceOutBefore = token1.balanceOf(address(this));

        uint k_before = balanceInBefore * balanceOutBefore;

        _;

        uint balanceInAfter = token0.balanceOf(address(this));
        uint balanceOutAfter = token1.balanceOf(address(this));

        require(k_before == balanceInAfter * balanceOutAfter);
    }

    // ******** LIQUIDITY PROVIDERS ******** //

    // User can deposit their token0
    function deposit(uint amount) external nonReentrant {
        token0.transferFrom(msg.sender, address(this), amount);
        balances0[msg.sender] += amount;
    }

    // User can withdraw their token0 and token1
    // We follow the check effect interaction pattern
    function withdraw(uint amount0, uint amount1) external {
        balances0[msg.sender] -= amount0;
        balances1[msg.sender] -= amount1;
        token0.transfer(msg.sender, amount0);
        token1.transfer(msg.sender, amount1);
    }

    // User can withdraw all their token0 and token1
    // nonReentrant to protect from reentrancies
    function withdrawAll() external nonReentrant {
        token0.transfer(msg.sender, balances0[msg.sender]);
        token1.transfer(msg.sender, balances1[msg.sender]);
        balances0[msg.sender] = 0;
        balances1[msg.sender] = 0;
    }
}","","","",114,119,./src/dataset/agent-v1-c4/tob/Tob.sol,/Users/xuxiangy/Desktop/trickPrompt-engine/src/dataset/agent-v1-c4/tob/Tob.sol,"","","function withdrawAll() external nonReentrant {
        token0.transfer(msg.sender, balances0[msg.sender]);
        token1.transfer(msg.sender, balances1[msg.sender]);
        balances0[msg.sender] = 0;
        balances1[msg.sender] = 0;
    }","{""(114,119)""}","",1
98428,59ad2102276d223623719f405660dbc7,tob,MyPool.withdrawAll,"function withdrawAll() external nonReentrant {
        token0.transfer(msg.sender, balances0[msg.sender]);
        token1.transfer(msg.sender, balances1[msg.sender]);
        balances0[msg.sender] = 0;
        balances1[msg.sender] = 0;
    }",0.3240501154933171,"","","","","Analyzing the provided `withdrawAll()` function in the context of a reentrancy attack:

1. **Function Definition and Modifier**: The function is marked as `external` and uses a `nonReentrant` modifier. This modifier is typically designed to prevent reentrant calls by using a state lock to ensure that no further execution can be done if the function is being currently executed.

2. **Token Transfer Calls**: The function performs two token transfer actions using `token0.transfer(msg.sender, balances0[msg.sender]);` and `token1.transfer(msg.sender, balances1[msg.sender]);`. These calls to external contracts (tokens here) can potentially be a vulnerability point, as external calls can lead to reentrancy.

3. **Resetting Balances**: The function sets `balances0[msg.sender] = 0;` and `balances1[msg.sender] = 0;` after the transfers. This ordering means that the actual state change is executing post the external calls, presenting an opportunity window if the `nonReentrant` was not effective.

4. **Effect of `nonReentrant` Modifier**: The key detail lies in the effectiveness of the `nonReentrant` modifier. If this modifier is correctly implemented (as it is standard in many contracts like in OpenZeppelin's libraries), it should prevent any kind of reentrant execution paths by marking the contract's state as executing and checking this mark at the beginning of the function call, thereby preventing further function execution if the contract is already executing.

5. **Reentrancy Possibility**: Given that the `nonReentrant` modifier is used correctly, whenever the reentrancy tries to occur through the `token0.transfer()` or `token1.transfer()`, the fallback function on the malicious contract would attempt to call `withdrawAll()` again. However, the `nonReentrant` should stop this re-entrant call by reverting it, thereby not allowing the double withdrawal even though the state is mutated after the calls.

**Conclusion**: 
If we assume the nonReentrant modifier is well-implemented and functions as anticipated (which is typically the case in well-audited contracts such as those provided by OpenZeppelin), the vulnerability to reentrancy should be mitigated, meaning that while conceptually the sequence of operations could present a risk, the actual exploitation is not feasible due to the control provided by the `nonReentrant` modifier.

Therefore, based on this assumption:
```json
{""result"":""low possibility""}
```
The vulnerability in the provided code lies in the order in which token balances are transferred and reset. The vulnerability specifically centers around reentrancy which can lead to undesirable behavior due to the state mutating after external calls.

### Detailed Description of Vulnerability
The function `withdrawAll()` is vulnerable to reentrancy due to the state (balance updates) being mutated after making the external token transfer calls. Even though the function is marked as `nonReentrant`, its implementation does not effectively prevent reentrancy because the balances of the tokens are reset only after the tokens are transferred.

### Step-by-step Exploitation
1. An attacker can deploy a malicious smart contract that implements a fallback function or receive function. This fallback function is designed to call back into `withdrawAll()` of the original vulnerable contract when it receives funds.
2. The attacker interacts with the vulnerable contract, triggering `withdrawAll()`. This would cause the `token0.transfer()` to execute and send all `token0` balance to the attacker’s malicious contract.
3. The attacker's contract, upon receiving `token0`, has its fallback function execute automatically. This fallback function now calls `withdrawAll()` again on the original contract.
4. Since the state update of `balances0[msg.sender] = 0;` has not yet occurred (because it's supposed to happen after all transfers), the reentered `withdrawAll()` finds the balance still non-zero and attempts to transfer the same amount again, essentially allowing double withdrawal.
5. This reentrancy can be repeated (limited by gas limits or execution stack limits), essentially draining the contract’s balance of `token0` multiple times over.
6. Following similar steps, the vulnerability can also be exploited with `token1`.

### Corrective Measure
To fix the vulnerability, the function should first set the token balances to zero before making the transfer calls. This ensures that if a reentrant call happens, it will see the balance as zero and not perform any further transfers. Here’s the corrected function:

```solidity
function withdrawAll() external nonReentrant {
    uint256 amountToken0 = balances0[msg.sender];
    uint256 amountToken1 = balances1[msg.sender];
    
    // Set balances to zero before transferring
    balances0[msg.sender] = 0;
    balances1[msg.sender] = 0;

    token0.transfer(msg.sender, amountToken0);
    token1.transfer(msg.sender, amountToken1);
}
```

By updating the state before making external calls, reentrancy attacks can be effectively mitigated in this scenario.","在提供的 `withdrawAll()` 函数中，存在由于状态（余额更新）在进行外部令牌转移调用后再修改导致的重入漏洞。尽管此函数已标记为 `nonReentrant`，其实现却不能有效防止重入，因为令牌的余额只在令牌转移之后才重置。

### 详细的漏洞利用步骤：
1. 攻击者可以部署一个恶意智能合约，该合约实现一个回调函数或接收函数。这个回调函数设计为在其接收资金时再调用原始易受攻击合约的 `withdrawAll()`。
2. 攻击者与该易受攻击的合约互动，触发 `withdrawAll()`。这将导致 `token0.transfer()` 执行并将所有 `token0` 余额发送到攻击者的恶意合约。
3. 在攻击者的合约收到 `token0` 后，其回调函数会自动执行。这个回调函数现在又在原始合约上调用 `withdrawAll()`。
4. 由于状态更新 `balances0[msg.sender] = 0;` 尚未发生（因为它应该在所有传输之后发生），再次进入的 `withdrawAll()` 发现余额仍然非零，并尝试再次转移相同的金额，从而允许多次提款。
5. 该重入可以被重复（受到气体限制或执行堆栈限制的限制），基本上可以多次清空合约的 `token0` 余额。
6. 遵循类似的步骤，此漏洞也可以利用 `token1` 来进行攻击。

### 更正措施
为修复这个漏洞，该函数应该在进行转移调用之前先将令牌余额设为零。这确保了如果发生重入调用，它将看到余额为零而不进行任何进一步的转移。以下是修正后的函数：

```solidity
function withdrawAll() external nonReentrant {
    uint256 amountToken0 = balances0[msg.sender];
    uint256 amountToken1 = balances1[msg.sender];
    
    // 在转移前将余额设为零
    balances0[msg.sender] = 0;
    balances1[msg.sender] = 0;

    token0.transfer(msg.sender, amountToken0);
    token1.transfer(msg.sender, amountToken1);
}
```

通过在进行外部调用前更新状态，可以在这种情况下有效地缓解重入攻击。","","The establishment of the vulnerability as described does not depend on the code of other unknown or unprovided contracts within the project; rather, it is primarily affected by the external calls (token transfers) and the state management within the function itself. The reentrancy exploit is facilitated by how the state updates (balance reset) occur after these external transfers. The typical interactions and state changes are self-contained within the contract's own logic in relation to how and when it handles these balances and transfers.

Therefore, the answer is: {'result':'dont need In-project other contract'}","{

    IERC20 token0;
    IERC20 token1;

    // LP balance
    mapping(address => uint) balances0;
    mapping(address => uint) balances1;

    constructor(address t0, address t1){
        token0 = IERC20(t0);
        token1 = IERC20(t1);
    }

    // ******** USERS SWAP ******** //

    function inGivenOut(
        uint256 balanceIn,
        uint256 balanceOut,
        uint256 amountOut
    ) internal pure returns (uint256) {
        /**********************************************************************************
        // Derived from Balancer                                                         //
        // aO = amountOut                                                                //
        // bO = balanceOut                                                               //
        // bI = balanceIn              /  /            bO             \        \         //
        // aI = amountIn    aI = bI * |  | --------------------------  |   - 1  |        //
        //                             \  \       ( bO - aO )         /        /         //
        //                                                                               //
        **********************************************************************************/

        // We split the operations in three steps for readeability
        // Division, minus one, and multiplication

        //      /            bO             \                     //
        //     | --------------------------  |                    //
        //      \       ( bO - aO )         /                     //
        uint division = balanceOut / (balanceOut - amountOut);

        //  1 - [...]
        uint256 factor = division - ONE;

        // aI = bI * [...]
        return mul(balanceIn,  factor);
    }

    // Swap the asset
    function swapInGivenOut(bool isToken0, uint amountOut) public invariantCheck(){
        IERC20 tokenIn = isToken0?token0:token1;
        IERC20 tokenOut = isToken0?token1:token0;

        uint balanceIn = tokenIn.balanceOf(address(this));
        uint balanceOut = tokenOut.balanceOf(address(this));

        // We take 2% fee
        amountOut = amountOut * 98 / 100;
        uint amountIn = inGivenOut(balanceIn, balanceOut, amountOut);

        tokenOut.transfer(msg.sender, amountOut);
        tokenIn.transferFrom(msg.sender, address(this), amountIn);
    }

    // Ensure that the k = xy invariant hold
    // This will be disabled for production to save gas
    modifier invariantCheck(){
        uint balanceInBefore = token0.balanceOf(address(this));
        uint balanceOutBefore = token1.balanceOf(address(this));

        uint k_before = balanceInBefore * balanceOutBefore;

        _;

        uint balanceInAfter = token0.balanceOf(address(this));
        uint balanceOutAfter = token1.balanceOf(address(this));

        require(k_before == balanceInAfter * balanceOutAfter);
    }

    // ******** LIQUIDITY PROVIDERS ******** //

    // User can deposit their token0
    function deposit(uint amount) external nonReentrant {
        token0.transferFrom(msg.sender, address(this), amount);
        balances0[msg.sender] += amount;
    }

    // User can withdraw their token0 and token1
    // We follow the check effect interaction pattern
    function withdraw(uint amount0, uint amount1) external {
        balances0[msg.sender] -= amount0;
        balances1[msg.sender] -= amount1;
        token0.transfer(msg.sender, amount0);
        token1.transfer(msg.sender, amount1);
    }

    // User can withdraw all their token0 and token1
    // nonReentrant to protect from reentrancies
    function withdrawAll() external nonReentrant {
        token0.transfer(msg.sender, balances0[msg.sender]);
        token1.transfer(msg.sender, balances1[msg.sender]);
        balances0[msg.sender] = 0;
        balances1[msg.sender] = 0;
    }
}","","","",114,119,./src/dataset/agent-v1-c4/tob/Tob.sol,/Users/xuxiangy/Desktop/trickPrompt-engine/src/dataset/agent-v1-c4/tob/Tob.sol,"","","function withdrawAll() external nonReentrant {
        token0.transfer(msg.sender, balances0[msg.sender]);
        token1.transfer(msg.sender, balances1[msg.sender]);
        balances0[msg.sender] = 0;
        balances1[msg.sender] = 0;
    }","{""(114,119)""}","",1
98391,9f04efb5ae71423507576d0ba9afe5f4,tob,MyPool.swapInGivenOut,"function swapInGivenOut(bool isToken0, uint amountOut) public invariantCheck(){
        IERC20 tokenIn = isToken0?token0:token1;
        IERC20 tokenOut = isToken0?token1:token0;

        uint balanceIn = tokenIn.balanceOf(address(this));
        uint balanceOut = tokenOut.balanceOf(address(this));

        // We take 2% fee
        amountOut = amountOut * 98 / 100;
        uint amountIn = inGivenOut(balanceIn, balanceOut, amountOut);

        tokenOut.transfer(msg.sender, amountOut);
        tokenIn.transferFrom(msg.sender, address(this), amountIn);
    }",0.16911289977401256,"","","","","{
    ""result"": ""yes""
}
### Vulnerability Description

The exploitable logical vulnerability in the `swapInGivenOut` function is an underflow condition in the calculation of balances, more specifically in the line `uint division = balanceOut / (balanceOut - amountOut);`. An attacker can exploit this when `amountOut` is greater than or equal to `balanceOut`, causing `balanceOut - amountOut` to be zero or negative, leading to a division-by-zero error or potential unexpected results due to an underflow when calculated in unsigned integer math. 

This is a standard arithmetic issue where the subtraction operations on unsigned integers must be carefully audited to ensure no underflows occur that could lead to division by zero.

### Step-by-Step Exploitation

1. **Initial Setup**: Assume the contract holds balances for two tokens, `token0 and token1`. Let's suppose the balance for `token1` (balanceOut) is `100 tokens`.

2. **Triggering the Vulnerable Code**:
   - An attacker calls `swapInGivenOut` with the `isToken0` input set as true (so `token0` is tokenIn and `token1` is tokenOut).
   - They provide an `amountOut` value of `100` tokens or more, thus equal to or greater than the total `balanceOut` of `token1`.

3. **Execution of Vulnerable Line**:
   - Within `swapInGivenOut`, `amountOut` first gets reduced by 2% resulting in `98 tokens` (but this adjustment can be ignored for exploiting).
   - The function then proceeds to `inGivenOut` with possibly unadjusted `amountOut = 100`.
   - In `inGivenOut`, when calculating `uint division = balanceOut / (balanceOut - amountOut);`, since `amountOut` equals `balanceOut`, `balanceOut - amountOut` results in 0.

4. **Result of Underflow**:
   - The division-by-zero or negative result occurs, causing the Solidity transaction to revert or potentially incorrectly execute due to the mathematical anomaly, making it impossible to complete the swap function properly.

### Conclusion

This vulnerability arises from failing to check the condition where `amountOut` must be strictly less than `balanceOut` to prevent a subtraction underflow leading to division by zero which is irrecoverable in arithmetic operations. This makes the contract susceptible to attacks that can disrupt service and prevent legitimate function execution. A guard clause to ensure `amountOut < balanceOut` is necessary before performing the subtraction and division would be a crucial addition to safeguard the logic.","在`swapInGivenOut`函数中存在一个可利用的逻辑漏洞，该漏洞是在余额计算中出现下溢的情况，具体来说是在`uint division = balanceOut / (balanceOut - amountOut);`这一行。当`amountOut`大于等于`balanceOut`时，攻击者可以利用这一点，使得`balanceOut - amountOut`变为零或负数，导致出现除以零的错误或由于在无符号整数数学计算中的下溢而导致潜在的意外结果。

这是一个标准的算术问题，其中无符号整数的减法运算必须仔细审查以确保不存在导致除零的下溢情况。

### 漏洞的具体利用步骤：

1. **初始设置**：假设合约持有两种代币的余额，`token0`和`token1`。假设`token1`（balanceOut）的余额为`100个代币`。

2. **触发漏洞代码**：
   - 攻击者调用`swapInGivenOut`，输入参数`isToken0`为真（因此`token0`是tokenIn，`token1`是tokenOut）。
   - 他们提供一个`amountOut`值为`100个代币`或更多，等于或大于`token1`的总`balanceOut`。

3. **执行漏洞代码行**：
   - 在`swapInGivenOut`中，首先将`amountOut`减少2%，结果为`98个代币`（但这种调整可以忽略不计）。
   - 函数随后进入`inGivenOut`可能使用未调整的`amountOut = 100`。
   - 在`inGivenOut`中，计算`uint division = balanceOut / (balanceOut - amountOut);`时，由于`amountOut`等于`balanceOut`，`balanceOut - amountOut`结果为0。

4. **下溢结果**：
   - 发生除零或负结果，导致Solidity事务回滚或可能由于数学异常而导致不正确执行，使得无法正确完成交换功能。

### 结论

这个漏洞来源于未能检查`amountOut`必须严格小于`balanceOut`的条件，以防止减法下溢导致的除零错误，这在算术运算中是无法恢复的。在执行减法和除法之前，添加一个保护条款以确保`amountOut < balanceOut`是保护逻辑安全的关键步骤。","",{'result':'dont need In-project other contract'},"{

    IERC20 token0;
    IERC20 token1;

    // LP balance
    mapping(address => uint) balances0;
    mapping(address => uint) balances1;

    constructor(address t0, address t1){
        token0 = IERC20(t0);
        token1 = IERC20(t1);
    }

    // ******** USERS SWAP ******** //

    function inGivenOut(
        uint256 balanceIn,
        uint256 balanceOut,
        uint256 amountOut
    ) internal pure returns (uint256) {
        /**********************************************************************************
        // Derived from Balancer                                                         //
        // aO = amountOut                                                                //
        // bO = balanceOut                                                               //
        // bI = balanceIn              /  /            bO             \        \         //
        // aI = amountIn    aI = bI * |  | --------------------------  |   - 1  |        //
        //                             \  \       ( bO - aO )         /        /         //
        //                                                                               //
        **********************************************************************************/

        // We split the operations in three steps for readeability
        // Division, minus one, and multiplication

        //      /            bO             \                     //
        //     | --------------------------  |                    //
        //      \       ( bO - aO )         /                     //
        uint division = balanceOut / (balanceOut - amountOut);

        //  1 - [...]
        uint256 factor = division - ONE;

        // aI = bI * [...]
        return mul(balanceIn,  factor);
    }

    // Swap the asset
    function swapInGivenOut(bool isToken0, uint amountOut) public invariantCheck(){
        IERC20 tokenIn = isToken0?token0:token1;
        IERC20 tokenOut = isToken0?token1:token0;

        uint balanceIn = tokenIn.balanceOf(address(this));
        uint balanceOut = tokenOut.balanceOf(address(this));

        // We take 2% fee
        amountOut = amountOut * 98 / 100;
        uint amountIn = inGivenOut(balanceIn, balanceOut, amountOut);

        tokenOut.transfer(msg.sender, amountOut);
        tokenIn.transferFrom(msg.sender, address(this), amountIn);
    }

    // Ensure that the k = xy invariant hold
    // This will be disabled for production to save gas
    modifier invariantCheck(){
        uint balanceInBefore = token0.balanceOf(address(this));
        uint balanceOutBefore = token1.balanceOf(address(this));

        uint k_before = balanceInBefore * balanceOutBefore;

        _;

        uint balanceInAfter = token0.balanceOf(address(this));
        uint balanceOutAfter = token1.balanceOf(address(this));

        require(k_before == balanceInAfter * balanceOutAfter);
    }

    // ******** LIQUIDITY PROVIDERS ******** //

    // User can deposit their token0
    function deposit(uint amount) external nonReentrant {
        token0.transferFrom(msg.sender, address(this), amount);
        balances0[msg.sender] += amount;
    }

    // User can withdraw their token0 and token1
    // We follow the check effect interaction pattern
    function withdraw(uint amount0, uint amount1) external {
        balances0[msg.sender] -= amount0;
        balances1[msg.sender] -= amount1;
        token0.transfer(msg.sender, amount0);
        token1.transfer(msg.sender, amount1);
    }

    // User can withdraw all their token0 and token1
    // nonReentrant to protect from reentrancies
    function withdrawAll() external nonReentrant {
        token0.transfer(msg.sender, balances0[msg.sender]);
        token1.transfer(msg.sender, balances1[msg.sender]);
        balances0[msg.sender] = 0;
        balances1[msg.sender] = 0;
    }
}","","","",64,77,./src/dataset/agent-v1-c4/tob/Tob.sol,/Users/xuxiangy/Desktop/trickPrompt-engine/src/dataset/agent-v1-c4/tob/Tob.sol,"","","function swapInGivenOut(bool isToken0, uint amountOut) public invariantCheck(){
        IERC20 tokenIn = isToken0?token0:token1;
        IERC20 tokenOut = isToken0?token1:token0;

        uint balanceIn = tokenIn.balanceOf(address(this));
        uint balanceOut = tokenOut.balanceOf(address(this));

        // We take 2% fee
        amountOut = amountOut * 98 / 100;
        uint amountIn = inGivenOut(balanceIn, balanceOut, amountOut);

        tokenOut.transfer(msg.sender, amountOut);
        tokenIn.transferFrom(msg.sender, address(this), amountIn);
    }
function inGivenOut(
        uint256 balanceIn,
        uint256 balanceOut,
        uint256 amountOut
    ) internal pure returns (uint256) {
        /**********************************************************************************
        // Derived from Balancer                                                         //
        // aO = amountOut                                                                //
        // bO = balanceOut                                                               //
        // bI = balanceIn              /  /            bO             \        \         //
        // aI = amountIn    aI = bI * |  | --------------------------  |   - 1  |        //
        //                             \  \       ( bO - aO )         /        /         //
        //                                                                               //
        **********************************************************************************/

        // We split the operations in three steps for readeability
        // Division, minus one, and multiplication

        //      /            bO             \                     //
        //     | --------------------------  |                    //
        //      \       ( bO - aO )         /                     //
        uint division = balanceOut / (balanceOut - amountOut);

        //  1 - [...]
        uint256 factor = division - ONE;

        // aI = bI * [...]
        return mul(balanceIn,  factor);
    }","{""(64,77)"",""(33,61)""}","function mul(uint256 a, uint256 b) internal pure returns (uint256) {
        uint256 product = a * b;
        return product / ONE;
    }",1
98396,f82f2d830e91543ad5ea783ed12f4c28,tob,MyPool.swapInGivenOut,"function swapInGivenOut(bool isToken0, uint amountOut) public invariantCheck(){
        IERC20 tokenIn = isToken0?token0:token1;
        IERC20 tokenOut = isToken0?token1:token0;

        uint balanceIn = tokenIn.balanceOf(address(this));
        uint balanceOut = tokenOut.balanceOf(address(this));

        // We take 2% fee
        amountOut = amountOut * 98 / 100;
        uint amountIn = inGivenOut(balanceIn, balanceOut, amountOut);

        tokenOut.transfer(msg.sender, amountOut);
        tokenIn.transferFrom(msg.sender, address(this), amountIn);
    }",0.2844264757771684,"","","","","Upon reviewing the provided solidity code again, let's focus on the key area identified:

1. The function `swapInGivenOut(bool isToken0, uint amountOut)` is designed to perform a token swap where the amount of outgoing token is specified (`amountOut`), and it calculates the required `amountIn` based on the `inGivenOut` function.

2. Inside `inGivenOut`, the `division` variable is calculated as:
   - `division = balanceOut / (balanceOut - amountOut)`
   - As pointed out, if `balanceOut` is equal to `amountOut`, then `balanceOut - amountOut` equals 0 which would indeed cause a division by zero error.

3. This is a basic mathematical issue where division by zero is undefined and will cause a reverting transaction in Solidity. The susceptibility of the contract to this bug is high since a user can deliberately or accidentally cause this situation. 

4. The occurrence of `balanceOut` being exactly equal to `amountOut` can happen under normal circumstances, especially in a dynamic environment where token balances frequently change due to trading activities. 

5. The potential impact of such a division by zero mainly leads to transaction reversion, potentially causing denial of service if executed repeatedly or at critical trading timings.

In conclusion, there is a ""high possibility"" of this vulnerability existing because the conditions needed to exploit it (i.e., `balanceOut` being equal to `amountOut`) are straightforward to meet without extreme or corner case scenarios involved. This vulnerability does not require special permissions or roles, just user interaction with the contract with certain values.

```json
{""result"":""high possibility""}
```
### Vulnerability Description 
The vulnerability lies in the division operation within the `inGivenOut` function where it calculates the value of `division`. The computation for `division = balanceOut / (balanceOut - amountOut)` can result in an undefined behavior or inaccurate value when `balanceOut` is equal to `amountOut`. In this case, the denominator will become zero, leading to a division by zero error.

### Exploiting the Vulnerability Step-by-Step
How to exploit this vulnerability can be outlined as follows:

1. **Initial Setup**: An attacker notices that `balanceOut` is closely approaching a certain value `X`. The attacker either waits for or manipulates the market conditions such that `balanceOut` is exactly equal to `X`.

2. **Triggering the Condition**: When `balanceOut` equals `X`, the attacker calls `swapInGivenOut` setting `amountOut` also to `X`. This is the moment `balanceOut - amountOut = 0` happens.

3. **Execution of the Vulnerable Code**: During the function execution, when `inGivenOut` is called with parameters `balanceIn`, `X` (for `balanceOut`), and `X` (for `amountOut`):
   - The statement `division = balanceOut / (balanceOut - amountOut)` attempts to execute `X / 0`.
   - Since the division by zero is a critical fault, it generally either reverts the current transaction or results in undefined outputs based on the implementation specifics in Solidity. There can be potential side effects or inconsistencies in such scenarios due to failure of execution after this point.

4. **Outcome**: The transaction initiated by the attacker either reverts or has other undesirable outcomes based on how division by zero is handled. This could be a form of Denial of Service (DoS), where the attacker can persistently block operations by matching `amountOut` and `balanceOut`.

### Conclusion
The vulnerability is potent as it exploits a mathematics error in the smart contract logic and can cause transaction failures. To resolve or mitigate this vulnerability, conditions or checks must be put in place to ensure that the denominator of division operations is never zero. Additionally, using a well-audited library like OpenZeppelin's SafeMath (despite using Solidity >=0.8.x which has built-in overflow checks) may introduce safe guards that revert transactions under unsafe operations, providing clearer errors and safer contract behavior.","这个漏洞存在于智能合约中的 `swapInGivenOut` 函数，该函数设计用于执行代币交换，其中指定了输出代币的数量（`amountOut`），并根据 `inGivenOut` 函数计算所需的输入代币数量（`amountIn`）。

问题出现在 `inGivenOut` 函数中，特别是在计算 `division` 变量时：
- 计算公式为 `division = balanceOut / (balanceOut - amountOut)`
- 如果 `balanceOut` 等于 `amountOut`，那么 `balanceOut - amountOut` 等于0，这会导致除以零的错误。

除以零在数学上是未定义的，并且在Solidity中会导致交易回滚。这种情况如果由用户故意或者偶然触发，都有可能发生，尤其是在代币余额因交易活动频繁变动的动态环境中。

此漏洞的潜在影响主要是造成交易回滚，如果重复执行或在关键交易时刻执行，可能会导致服务拒绝（Denial of Service，DoS）。

简而言之，这个漏洞的存在可能性很高，因为只需要将 `balanceOut` 和 `amountOut` 设置为相同的值即可触发这个条件。这种漏洞不需要特殊的权限或角色，仅需用户与合约交互并输入特定的值即可。","",{'result':'dont need In-project other contract'},"{

    IERC20 token0;
    IERC20 token1;

    // LP balance
    mapping(address => uint) balances0;
    mapping(address => uint) balances1;

    constructor(address t0, address t1){
        token0 = IERC20(t0);
        token1 = IERC20(t1);
    }

    // ******** USERS SWAP ******** //

    function inGivenOut(
        uint256 balanceIn,
        uint256 balanceOut,
        uint256 amountOut
    ) internal pure returns (uint256) {
        /**********************************************************************************
        // Derived from Balancer                                                         //
        // aO = amountOut                                                                //
        // bO = balanceOut                                                               //
        // bI = balanceIn              /  /            bO             \        \         //
        // aI = amountIn    aI = bI * |  | --------------------------  |   - 1  |        //
        //                             \  \       ( bO - aO )         /        /         //
        //                                                                               //
        **********************************************************************************/

        // We split the operations in three steps for readeability
        // Division, minus one, and multiplication

        //      /            bO             \                     //
        //     | --------------------------  |                    //
        //      \       ( bO - aO )         /                     //
        uint division = balanceOut / (balanceOut - amountOut);

        //  1 - [...]
        uint256 factor = division - ONE;

        // aI = bI * [...]
        return mul(balanceIn,  factor);
    }

    // Swap the asset
    function swapInGivenOut(bool isToken0, uint amountOut) public invariantCheck(){
        IERC20 tokenIn = isToken0?token0:token1;
        IERC20 tokenOut = isToken0?token1:token0;

        uint balanceIn = tokenIn.balanceOf(address(this));
        uint balanceOut = tokenOut.balanceOf(address(this));

        // We take 2% fee
        amountOut = amountOut * 98 / 100;
        uint amountIn = inGivenOut(balanceIn, balanceOut, amountOut);

        tokenOut.transfer(msg.sender, amountOut);
        tokenIn.transferFrom(msg.sender, address(this), amountIn);
    }

    // Ensure that the k = xy invariant hold
    // This will be disabled for production to save gas
    modifier invariantCheck(){
        uint balanceInBefore = token0.balanceOf(address(this));
        uint balanceOutBefore = token1.balanceOf(address(this));

        uint k_before = balanceInBefore * balanceOutBefore;

        _;

        uint balanceInAfter = token0.balanceOf(address(this));
        uint balanceOutAfter = token1.balanceOf(address(this));

        require(k_before == balanceInAfter * balanceOutAfter);
    }

    // ******** LIQUIDITY PROVIDERS ******** //

    // User can deposit their token0
    function deposit(uint amount) external nonReentrant {
        token0.transferFrom(msg.sender, address(this), amount);
        balances0[msg.sender] += amount;
    }

    // User can withdraw their token0 and token1
    // We follow the check effect interaction pattern
    function withdraw(uint amount0, uint amount1) external {
        balances0[msg.sender] -= amount0;
        balances1[msg.sender] -= amount1;
        token0.transfer(msg.sender, amount0);
        token1.transfer(msg.sender, amount1);
    }

    // User can withdraw all their token0 and token1
    // nonReentrant to protect from reentrancies
    function withdrawAll() external nonReentrant {
        token0.transfer(msg.sender, balances0[msg.sender]);
        token1.transfer(msg.sender, balances1[msg.sender]);
        balances0[msg.sender] = 0;
        balances1[msg.sender] = 0;
    }
}","","","",64,77,./src/dataset/agent-v1-c4/tob/Tob.sol,/Users/xuxiangy/Desktop/trickPrompt-engine/src/dataset/agent-v1-c4/tob/Tob.sol,"","","function swapInGivenOut(bool isToken0, uint amountOut) public invariantCheck(){
        IERC20 tokenIn = isToken0?token0:token1;
        IERC20 tokenOut = isToken0?token1:token0;

        uint balanceIn = tokenIn.balanceOf(address(this));
        uint balanceOut = tokenOut.balanceOf(address(this));

        // We take 2% fee
        amountOut = amountOut * 98 / 100;
        uint amountIn = inGivenOut(balanceIn, balanceOut, amountOut);

        tokenOut.transfer(msg.sender, amountOut);
        tokenIn.transferFrom(msg.sender, address(this), amountIn);
    }
function inGivenOut(
        uint256 balanceIn,
        uint256 balanceOut,
        uint256 amountOut
    ) internal pure returns (uint256) {
        /**********************************************************************************
        // Derived from Balancer                                                         //
        // aO = amountOut                                                                //
        // bO = balanceOut                                                               //
        // bI = balanceIn              /  /            bO             \        \         //
        // aI = amountIn    aI = bI * |  | --------------------------  |   - 1  |        //
        //                             \  \       ( bO - aO )         /        /         //
        //                                                                               //
        **********************************************************************************/

        // We split the operations in three steps for readeability
        // Division, minus one, and multiplication

        //      /            bO             \                     //
        //     | --------------------------  |                    //
        //      \       ( bO - aO )         /                     //
        uint division = balanceOut / (balanceOut - amountOut);

        //  1 - [...]
        uint256 factor = division - ONE;

        // aI = bI * [...]
        return mul(balanceIn,  factor);
    }","{""(64,77)"",""(33,61)""}","function mul(uint256 a, uint256 b) internal pure returns (uint256) {
        uint256 product = a * b;
        return product / ONE;
    }",1
98397,a80f1ef9145478dff1c0217fd3f9b0df,tob,MyPool.swapInGivenOut,"function swapInGivenOut(bool isToken0, uint amountOut) public invariantCheck(){
        IERC20 tokenIn = isToken0?token0:token1;
        IERC20 tokenOut = isToken0?token1:token0;

        uint balanceIn = tokenIn.balanceOf(address(this));
        uint balanceOut = tokenOut.balanceOf(address(this));

        // We take 2% fee
        amountOut = amountOut * 98 / 100;
        uint amountIn = inGivenOut(balanceIn, balanceOut, amountOut);

        tokenOut.transfer(msg.sender, amountOut);
        tokenIn.transferFrom(msg.sender, address(this), amountIn);
    }",0.29603692340057264,"","","","","Upon analyzing the provided smart contract that handles token swapping, the primary functionality being reviewed is the `inGivenOut` function, which calculates the amount of tokens (""amountIn"") required for a given ""amountOut"". This function is derived from the Balancer smart contracts used for liquidity pools calculations.

The critical code line is:
```solidity
uint division = balanceOut / (balanceOut - amountOut);
```
Here, it directly processes the calculation for division where `amountOut` is subtracted from `balanceOut`. Before initiating this division, the function does not check whether `balanceOut` is greater than `amountOut`. As a result, in scenarios where `amountOut >= balanceOut`, this would result in division by zero or negative values.

- When `amountOut == balanceOut`, the division turns into `balanceOut / 0`.
- When `amountOut > balanceOut`, the division turns into `balanceOut / negative value`.

Both these scenarios will result in a failed transaction due to Solidity's behavior of reverting on division by zero. Also, if `amountOut` is allowed to match or exceed `balanceOut`, and not handled, it can lead to undefined behavior or a blockchain reversion due to error.

Given this, the described vulnerability—wherein an attacker might cause the smart contract to revert or misuse the function without appropriate checks on `amountOut`—is plausible. The absence of a check to ensure `amountOut < balanceOut` before performing the division operation can be classified as a typical logical flaw in smart contracts dealing with financial calculations.

**Conclusion:**
This vulnerability in handling division by zero due to not validating bounds before arithmetic operations gives a definite risk scenario in the smart contract. Therefore, the possibility of exploitation is not just a corner case but a likely operational risk.

```json
{""result"":""high possibility""}
```
**Vulnerability Description:**

The exploitable logical vulnerability in the code is related to the formula used in the `inGivenOut` function to calculate the required `amountIn` based on a desired `amountOut`. This formula lacks an intermediate condition check to ensure that `amountOut` is less than `balanceOut`, and if not handled properly, can lead to division by zero or negative values.

**Step-by-Step Exploitation:**

1. **Predetermined Condition:** Before the exploitation happens, understand that `balanceOut` holds the balance of outgoing tokens in the contract.

2. **Exploit Attempt:**
   - An attacker can call `swapInGivenOut()` with `amountOut` set to a value that equals or exceeds `balanceOut`. Considering the code directly uses `balanceOut - amountOut` in the divisor part without a prior check can result in zero or a negative value.

3. **Edge Case Execution Flow:**
   - If `amountOut` is greater than `balanceOut`, or if both values are the same:
     - The internal calculation in `inGivenOut()` executes `balanceOut / (balanceOut - amountOut)`.
     - This operation turns into `balanceOut / 0` due to subtracting an equal or larger number, which technically results in an undefined operation or a division by zero error.
     - Lack of error handling or checks allows for a pathway where not only would the smart contract computation fail, but it would cause serious disruption, leading to denial-of-service (DoS).

4. **Consequences:**
   - If this function call is part of a larger transaction, the entire transaction may revert due to the failure, impacting legitimate operations and leading to a degradation of trust in the smart contract's reliability.
   - Additionally, if not caught by ‘revert’ due to error handling, it could potentially lead to incorrect state changes or calculations.

**Recommendations for Fix:**
To mitigate this vulnerability, a conditional check should be implemented at the beginning of the `inGivenOut()` to ensure `amountOut < balanceOut`. If the condition is not met, the function should revert the transaction or handle the situation appropriately. Here’s a suggested implementation:

```solidity
function inGivenOut(
    uint256 balanceIn,
    uint256 balanceOut,
    uint256 amountOut
) internal pure returns (uint256) {
    require(amountOut < balanceOut, ""amountOut must be less than balanceOut"");

    uint division = balanceOut / (balanceOut - amountOut);
    uint256 factor = division - ONE;
    return mul(balanceIn, factor);
}
```
This addition ensures no division by zero or negative values can enter the calculation, maintaining the integrity and reliability of the contract's functions.","在智能合约代码中，`inGivenOut`函数负责计算为了得到一定数量的""amountOut""所需要的""amountIn""（输入数量）。该计算是基于Balancer智能合约中用于流动性池计算的公式。

关键的代码行是：

```solidity
uint division = balanceOut / (balanceOut - amountOut);
```

在这行代码中，`amountOut`从`balanceOut`中被减去后直接用于除法运算。然而，在进行这个除法运算前，函数并没有检查`balanceOut`是否大于`amountOut`。因此，在`amountOut >= balanceOut`的情况下，会发生以下情况：

- 当`amountOut == balanceOut`时，除法变成了`balanceOut / 0`。
- 当`amountOut > balanceOut`时，除法变成了`balanceOut / 负数`。

以上两种情况都会导致因为Solidity在遇到零除法时将恢复（revert）而使交易失败。此外，若`amountOut`允许等于或超过`balanceOut`而未进行处理，可能会导致未定义的行为或因错误而导致区块链恢复（reversion）。

综上所述，考虑到攻击者可能会在不恰当检查`amountOut`的情况下调用此函数，或使智能合约回滚，此类漏洞的存在是合理的。在执行涉及金融计算的智能合约中，不在算术运算前验证边界的公司行为，容易引发典型的逻辑缺陷。

**结论：**
由于在执行除法操作前没有验证边界，这种处理零除法的漏洞确实构成了智能合约中的一个明显风险场景。因此，该漏洞的可利用性不仅仅是一个边界情况，而是一个可能的操作风险。

**建议解决方案：**
为了缓解这一漏洞，应在`inGivenOut()`开始处实现条件检查，以确保`amountOut < balanceOut`。如果不符合条件，函数应该恢复交易或适当处理情况。这样可以确保不会有零除或负值进入计算，从而维护合约功能的完整性和可靠性。","",{'result':'dont need In-project other contract'},"{

    IERC20 token0;
    IERC20 token1;

    // LP balance
    mapping(address => uint) balances0;
    mapping(address => uint) balances1;

    constructor(address t0, address t1){
        token0 = IERC20(t0);
        token1 = IERC20(t1);
    }

    // ******** USERS SWAP ******** //

    function inGivenOut(
        uint256 balanceIn,
        uint256 balanceOut,
        uint256 amountOut
    ) internal pure returns (uint256) {
        /**********************************************************************************
        // Derived from Balancer                                                         //
        // aO = amountOut                                                                //
        // bO = balanceOut                                                               //
        // bI = balanceIn              /  /            bO             \        \         //
        // aI = amountIn    aI = bI * |  | --------------------------  |   - 1  |        //
        //                             \  \       ( bO - aO )         /        /         //
        //                                                                               //
        **********************************************************************************/

        // We split the operations in three steps for readeability
        // Division, minus one, and multiplication

        //      /            bO             \                     //
        //     | --------------------------  |                    //
        //      \       ( bO - aO )         /                     //
        uint division = balanceOut / (balanceOut - amountOut);

        //  1 - [...]
        uint256 factor = division - ONE;

        // aI = bI * [...]
        return mul(balanceIn,  factor);
    }

    // Swap the asset
    function swapInGivenOut(bool isToken0, uint amountOut) public invariantCheck(){
        IERC20 tokenIn = isToken0?token0:token1;
        IERC20 tokenOut = isToken0?token1:token0;

        uint balanceIn = tokenIn.balanceOf(address(this));
        uint balanceOut = tokenOut.balanceOf(address(this));

        // We take 2% fee
        amountOut = amountOut * 98 / 100;
        uint amountIn = inGivenOut(balanceIn, balanceOut, amountOut);

        tokenOut.transfer(msg.sender, amountOut);
        tokenIn.transferFrom(msg.sender, address(this), amountIn);
    }

    // Ensure that the k = xy invariant hold
    // This will be disabled for production to save gas
    modifier invariantCheck(){
        uint balanceInBefore = token0.balanceOf(address(this));
        uint balanceOutBefore = token1.balanceOf(address(this));

        uint k_before = balanceInBefore * balanceOutBefore;

        _;

        uint balanceInAfter = token0.balanceOf(address(this));
        uint balanceOutAfter = token1.balanceOf(address(this));

        require(k_before == balanceInAfter * balanceOutAfter);
    }

    // ******** LIQUIDITY PROVIDERS ******** //

    // User can deposit their token0
    function deposit(uint amount) external nonReentrant {
        token0.transferFrom(msg.sender, address(this), amount);
        balances0[msg.sender] += amount;
    }

    // User can withdraw their token0 and token1
    // We follow the check effect interaction pattern
    function withdraw(uint amount0, uint amount1) external {
        balances0[msg.sender] -= amount0;
        balances1[msg.sender] -= amount1;
        token0.transfer(msg.sender, amount0);
        token1.transfer(msg.sender, amount1);
    }

    // User can withdraw all their token0 and token1
    // nonReentrant to protect from reentrancies
    function withdrawAll() external nonReentrant {
        token0.transfer(msg.sender, balances0[msg.sender]);
        token1.transfer(msg.sender, balances1[msg.sender]);
        balances0[msg.sender] = 0;
        balances1[msg.sender] = 0;
    }
}","","","",64,77,./src/dataset/agent-v1-c4/tob/Tob.sol,/Users/xuxiangy/Desktop/trickPrompt-engine/src/dataset/agent-v1-c4/tob/Tob.sol,"","","function swapInGivenOut(bool isToken0, uint amountOut) public invariantCheck(){
        IERC20 tokenIn = isToken0?token0:token1;
        IERC20 tokenOut = isToken0?token1:token0;

        uint balanceIn = tokenIn.balanceOf(address(this));
        uint balanceOut = tokenOut.balanceOf(address(this));

        // We take 2% fee
        amountOut = amountOut * 98 / 100;
        uint amountIn = inGivenOut(balanceIn, balanceOut, amountOut);

        tokenOut.transfer(msg.sender, amountOut);
        tokenIn.transferFrom(msg.sender, address(this), amountIn);
    }
function inGivenOut(
        uint256 balanceIn,
        uint256 balanceOut,
        uint256 amountOut
    ) internal pure returns (uint256) {
        /**********************************************************************************
        // Derived from Balancer                                                         //
        // aO = amountOut                                                                //
        // bO = balanceOut                                                               //
        // bI = balanceIn              /  /            bO             \        \         //
        // aI = amountIn    aI = bI * |  | --------------------------  |   - 1  |        //
        //                             \  \       ( bO - aO )         /        /         //
        //                                                                               //
        **********************************************************************************/

        // We split the operations in three steps for readeability
        // Division, minus one, and multiplication

        //      /            bO             \                     //
        //     | --------------------------  |                    //
        //      \       ( bO - aO )         /                     //
        uint division = balanceOut / (balanceOut - amountOut);

        //  1 - [...]
        uint256 factor = division - ONE;

        // aI = bI * [...]
        return mul(balanceIn,  factor);
    }","{""(64,77)"",""(33,61)""}","function mul(uint256 a, uint256 b) internal pure returns (uint256) {
        uint256 product = a * b;
        return product / ONE;
    }",1
98394,e81f4fb31b35e6a8631bcdacc9ecd80d,tob,MyPool.swapInGivenOut,"function swapInGivenOut(bool isToken0, uint amountOut) public invariantCheck(){
        IERC20 tokenIn = isToken0?token0:token1;
        IERC20 tokenOut = isToken0?token1:token0;

        uint balanceIn = tokenIn.balanceOf(address(this));
        uint balanceOut = tokenOut.balanceOf(address(this));

        // We take 2% fee
        amountOut = amountOut * 98 / 100;
        uint amountIn = inGivenOut(balanceIn, balanceOut, amountOut);

        tokenOut.transfer(msg.sender, amountOut);
        tokenIn.transferFrom(msg.sender, address(this), amountIn);
    }",0.0492753414350543,"","","","","Analyzing the provided Solidity functions:

1. `swapInGivenOut` function:
    - It retrieves the token balances (`balanceIn` and `balanceOut`) of `tokenIn` and `tokenOut`.
    - Adjusts `amountOut` to factor in a 2% fee, reducing it to 98% of the input value.
    - The adjusted `amountOut` is then used to calculate `amountIn` needed using the `inGivenOut` function.

2. `inGivenOut` function:
    - Calculates `division` using the formula `division = balanceOut / (balanceOut - amountOut)`.
    - Then calculates `factor` which is `division - ONE` (assuming `ONE` is defined as 1).
    - Calculates the amount of `tokenIn` needed (`amountIn`) based on `balanceIn` and `factor`.

3. Analyzing the calculation:
   - The core point here is the division by `(balanceOut - amountOut)`.
   - If `amountOut >= balanceOut`, this results in division by zero, or a negative number. However, due to `amountOut` being 98% of the provided value, `amountOut` is always less than `balanceOut` based on context set before calling `inGivenOut`.
     - Example: For `amountOut` asked as 100, and if `balanceOut` is also 100, after the 2% reduction, we have `amountOut` becoming 98, thereby, `(balanceOut - amountOut)` becomes 2 which is not zero.

Conclusion:
- The vulnerability does not manifest under the assumed usual contract functional conditions because the amounts are controlled by the 2% reduction ensuring `(balanceOut - amountOut)` remains non-zero and positive.
- The function logic necessitates the `amountOut` (after fee reduction) to be structurally less than `balanceOut`, preventing direct zero division errors.

Result:
- Based on the given logic in the snippet and assuming `ONE` is defined (likely as 1, to make `factor` practical), the provided code suggests that under typical operational circumstances, the division by zero vulnerability does not exist.

```json
{""result"":""no""}
```
### Vulnerability Description

The vulnerability exists in the `inGivenOut` function due to its reliance on the subtraction of `amountOut` from `balanceOut`. When `amountOut` is equal to or exceeds `balanceOut`, the function inadvertently results in a division by zero. This condition is not checked prior to execution, which can result in unexpected behaviors or revert.

### Exploit Scenario

1. **Initial Setup**:
   An attacker observes the balances of `tokenOut`. Let's assume at this moment the balance (`balanceOut`) of `tokenOut` in the smart contract is 100 tokens.

2. **Preparing the Attack**:
   Suppose the attacker wants to call the `swapInGivenOut` function:
   - The attacker sets up a transaction where `amountOut` is 100 (or possibly more than the available balance).
   - The token that will be swapped out (`tokenOut`) has a `balanceOut` of 100 tokens.

3. **Execution of the Attack**:
   - The attacker calls `swapInGivenOut` with `amountOut` set to 100.
   - Inside `swapInGivenOut`, `amountOut` is adjusted to `98` tokens after subtracting the 2% fee (100 * 98 / 100).
   - The function then proceeds to call `inGivenOut` with `balanceIn`, `balanceOut` being 100 (suppose `balanceIn` is also sufficiently large for simplicity), and `amountOut` adjusted to 98.
   - Inside `inGivenOut`, the calculation of `division` attempts to perform `100 / (100 - 98)`, which effectively is `100 / 2`.

4. **Consequence of the Attack**:
   - No error surfaces, but the `division` sharply increases because of the factor calculation (`balanceOut / (balanceOut - amountOut)`), leading to a large `amountIn`, potentially draining an unreasonable amount of `tokenIn` from the contract for relatively little `tokenOut` sent to the user.

In this case, there is no overt ""div by zero"" error because `amountOut` is 98 instead of exactly 100; however, the logic allows near-zero divisions and contextually unreasonable calculations leading to potentially extensive and exploitable imbalances and significant manipulation of swap rates. 

### Corrective Measure

A fix should include verification that `amountOut` is strictly less than `balanceOut` in function `swapInGivenOut`, to avoid such division errors or unintended large transfers:

```solidity
require(amountOut < balanceOut, ""amountOut must be lesser than balanceOut"");
```

This simple precondition ensures calculations within `inGivenOut` maintain legitimate terms.","### 漏洞描述

这个漏洞存在于`inGivenOut`函数中，它依赖于从`balanceOut`减去`amountOut`的结果。当`amountOut`等于或超过`balanceOut`时，该函数误地导致除以零。在执行之前，没有检查这种情况，可能导致意外的行为或者函数执行失败回退。

### 漏洞利用场景

1. **初始设置**：
   攻击者观察`tokenOut`的余额。假设此刻智能合约中`tokenOut`的余额(`balanceOut`)是100个代币。

2. **准备攻击**：
   假设攻击者想要调用`swapInGivenOut`函数：
   - 攻击者设置一个交易，其中`amountOut`设置为100（或可能超过可用余额）。
   - 将被换出的代币(`tokenOut`)在智能合约中的余额(`balanceOut`)为100个代币。

3. **执行攻击**：
   - 攻击者调用`swapInGivenOut`，并将`amountOut`设置为100。
   - 在`swapInGivenOut`内部，`amountOut`在扣除2%手续费后调整为98个代币（100 * 98 / 100）。
   - 函数接着调用`inGivenOut`，传入`balanceIn`，`balanceOut`均为100（假设为了简单`balanceIn`也足够大），以及调整后的`amountOut`为98。
   - 在`inGivenOut`内部，计算`division`尝试执行`100 / (100 - 98)`，实际上是`100 / 2`。

4. **攻击后果**：
   - 没有出现错误，但是由于因子计算（`balanceOut / (balanceOut - amountOut)`）的关系，`division`急剧增加，导致需要巨大的`amountIn`，可能会导致合约中`tokenIn`的不合理大量流失，以换取相对很少的`tokenOut`给用户。

在这种情况下，没有明显的“除以零”错误，因为`amountOut`是98而不是完全100；然而，逻辑允许接近零的除法和在上下文中不合理的计算，导致潜在的可利用不平衡和交易率的重大操纵。

### 纠正措施

应在函数`swapInGivenOut`中添加验证，确保`amountOut`严格小于`balanceOut`，以避免这种除错误或意外的大额转移：

```solidity
require(amountOut < balanceOut, ""amountOut must be lesser than balanceOut"");
```

这个简单的前提条件确保了`inGivenOut`内的计算保持合法性。","","The vulnerability in the code and the exploitation scenario described are self-contained within the functions provided (`swapInGivenOut` and `inGivenOut`). These functions and their interactions depend on the balances of `tokenOut` and `tokenIn` directly controlled through the given contract, and the calculations performed are intrinsic to the functions themselves without dependencies on external contract behaviors or unknown contracts.

The computation and the subsequent vulnerability mentioned (division manipulation leading to potentially large `amountIn`) are derived entirely from the state of `tokenIn` and `tokenOut` managed by the contract itself, and the logic is managed within the contract's internal operations as exhibited. Therefore, the analysis and vulnerability establishment do not rely on external contract states or calls to other contracts not included in the provided segment.

Thus, the correct JSON result would be:
{'result':'dont need In-project other contract'}","{

    IERC20 token0;
    IERC20 token1;

    // LP balance
    mapping(address => uint) balances0;
    mapping(address => uint) balances1;

    constructor(address t0, address t1){
        token0 = IERC20(t0);
        token1 = IERC20(t1);
    }

    // ******** USERS SWAP ******** //

    function inGivenOut(
        uint256 balanceIn,
        uint256 balanceOut,
        uint256 amountOut
    ) internal pure returns (uint256) {
        /**********************************************************************************
        // Derived from Balancer                                                         //
        // aO = amountOut                                                                //
        // bO = balanceOut                                                               //
        // bI = balanceIn              /  /            bO             \        \         //
        // aI = amountIn    aI = bI * |  | --------------------------  |   - 1  |        //
        //                             \  \       ( bO - aO )         /        /         //
        //                                                                               //
        **********************************************************************************/

        // We split the operations in three steps for readeability
        // Division, minus one, and multiplication

        //      /            bO             \                     //
        //     | --------------------------  |                    //
        //      \       ( bO - aO )         /                     //
        uint division = balanceOut / (balanceOut - amountOut);

        //  1 - [...]
        uint256 factor = division - ONE;

        // aI = bI * [...]
        return mul(balanceIn,  factor);
    }

    // Swap the asset
    function swapInGivenOut(bool isToken0, uint amountOut) public invariantCheck(){
        IERC20 tokenIn = isToken0?token0:token1;
        IERC20 tokenOut = isToken0?token1:token0;

        uint balanceIn = tokenIn.balanceOf(address(this));
        uint balanceOut = tokenOut.balanceOf(address(this));

        // We take 2% fee
        amountOut = amountOut * 98 / 100;
        uint amountIn = inGivenOut(balanceIn, balanceOut, amountOut);

        tokenOut.transfer(msg.sender, amountOut);
        tokenIn.transferFrom(msg.sender, address(this), amountIn);
    }

    // Ensure that the k = xy invariant hold
    // This will be disabled for production to save gas
    modifier invariantCheck(){
        uint balanceInBefore = token0.balanceOf(address(this));
        uint balanceOutBefore = token1.balanceOf(address(this));

        uint k_before = balanceInBefore * balanceOutBefore;

        _;

        uint balanceInAfter = token0.balanceOf(address(this));
        uint balanceOutAfter = token1.balanceOf(address(this));

        require(k_before == balanceInAfter * balanceOutAfter);
    }

    // ******** LIQUIDITY PROVIDERS ******** //

    // User can deposit their token0
    function deposit(uint amount) external nonReentrant {
        token0.transferFrom(msg.sender, address(this), amount);
        balances0[msg.sender] += amount;
    }

    // User can withdraw their token0 and token1
    // We follow the check effect interaction pattern
    function withdraw(uint amount0, uint amount1) external {
        balances0[msg.sender] -= amount0;
        balances1[msg.sender] -= amount1;
        token0.transfer(msg.sender, amount0);
        token1.transfer(msg.sender, amount1);
    }

    // User can withdraw all their token0 and token1
    // nonReentrant to protect from reentrancies
    function withdrawAll() external nonReentrant {
        token0.transfer(msg.sender, balances0[msg.sender]);
        token1.transfer(msg.sender, balances1[msg.sender]);
        balances0[msg.sender] = 0;
        balances1[msg.sender] = 0;
    }
}","","","",64,77,./src/dataset/agent-v1-c4/tob/Tob.sol,/Users/xuxiangy/Desktop/trickPrompt-engine/src/dataset/agent-v1-c4/tob/Tob.sol,"","","function swapInGivenOut(bool isToken0, uint amountOut) public invariantCheck(){
        IERC20 tokenIn = isToken0?token0:token1;
        IERC20 tokenOut = isToken0?token1:token0;

        uint balanceIn = tokenIn.balanceOf(address(this));
        uint balanceOut = tokenOut.balanceOf(address(this));

        // We take 2% fee
        amountOut = amountOut * 98 / 100;
        uint amountIn = inGivenOut(balanceIn, balanceOut, amountOut);

        tokenOut.transfer(msg.sender, amountOut);
        tokenIn.transferFrom(msg.sender, address(this), amountIn);
    }
function inGivenOut(
        uint256 balanceIn,
        uint256 balanceOut,
        uint256 amountOut
    ) internal pure returns (uint256) {
        /**********************************************************************************
        // Derived from Balancer                                                         //
        // aO = amountOut                                                                //
        // bO = balanceOut                                                               //
        // bI = balanceIn              /  /            bO             \        \         //
        // aI = amountIn    aI = bI * |  | --------------------------  |   - 1  |        //
        //                             \  \       ( bO - aO )         /        /         //
        //                                                                               //
        **********************************************************************************/

        // We split the operations in three steps for readeability
        // Division, minus one, and multiplication

        //      /            bO             \                     //
        //     | --------------------------  |                    //
        //      \       ( bO - aO )         /                     //
        uint division = balanceOut / (balanceOut - amountOut);

        //  1 - [...]
        uint256 factor = division - ONE;

        // aI = bI * [...]
        return mul(balanceIn,  factor);
    }","{""(64,77)"",""(33,61)""}","function mul(uint256 a, uint256 b) internal pure returns (uint256) {
        uint256 product = a * b;
        return product / ONE;
    }",1
98399,12f6edc25903c06f926d15b2e47e3837,tob,MyPool.swapInGivenOut,"function swapInGivenOut(bool isToken0, uint amountOut) public invariantCheck(){
        IERC20 tokenIn = isToken0?token0:token1;
        IERC20 tokenOut = isToken0?token1:token0;

        uint balanceIn = tokenIn.balanceOf(address(this));
        uint balanceOut = tokenOut.balanceOf(address(this));

        // We take 2% fee
        amountOut = amountOut * 98 / 100;
        uint amountIn = inGivenOut(balanceIn, balanceOut, amountOut);

        tokenOut.transfer(msg.sender, amountOut);
        tokenIn.transferFrom(msg.sender, address(this), amountIn);
    }",0.9896045364013588,"","","","","{
    ""result"": ""yes"",
    ""info"": ""corner case""
}
### Vulnerability Description

The identified practical and exploitable vulnerability in the `inGivenOut` function lies in its failure to check whether `amountOut` is greater than or equal to `balanceOut`. This function calculates the amount of input tokens (`amountIn`) required to receive a specified amount of output tokens (`amountOut`) based on the current balances of input and output tokens.

The critical logical error arises from the division operation `balanceOut / (balanceOut - amountOut)`. If `amountOut` equals or exceeds `balanceOut`, the subtraction `(balanceOut - amountOut)` would result in zero or a negative number. In solidity, division by zero leads to a revert of the transaction, but a subtraction leading to zero makes the division undefined or could trigger erroneous computations.

### Exploit Steps

1. **Prepare Conditions:** Ensure that `tokenOut`'s balance (`balanceOut`) in the contract is a known, non-zero amount.
2. **Set `amountOut` Appropriately:** Choose an `amountOut` equal to or very close to `balanceOut`. It's critical to set it such that `(balanceOut - amountOut)` is close to zero but not zero to exploit the undefined behavior or very small denominator in the division operation during the calculation of `amountIn`.
3. **Initiate the Transaction:** Call the `swapInGivenOut` function passing `amountOut` (equal to or very close to `balanceOut`). The division operation inside `inGivenOut` function will execute with a tiny denominator.
4. **Exploit the Division Operation:** Due to the very small denominator (`balanceOut - amountOut`), the division result becomes significantly larger, leading to a much larger `division` value.
5. **Result of the Flawed Calculation:** The larger `division` value causes the `factor` to be exceedingly high, and consequently, the `amountIn` calculated becomes abnormally large. This results in the contract requesting an exceptionally high amount of input tokens relative to the amount of output tokens to be sent.
6. **Benefit from the Disproportionate Exchange Rates:** If this happens, as an attacker, you can exploit the contract's miscalculation where relatively few output tokens empty a disproportionate amount of input tokens reserves, thereby draining the contract or causing financial discrepancies.

### Conclusion

The vulnerability is highly practical under usual operating conditions where token balances don't differ drastically, and can be exploitably triggered by setting the right `amountOut`. It's advisable to include a check in the `inGivenOut` function, such as `require(amountOut < balanceOut, ""amountOut must be less than balanceOut"")`, to prevent this exploitable scenario and ensure division operations are always valid.","在`inGivenOut`函数中识别到的一个实际且可利用的漏洞是，该函数没有检查`amountOut`是否大于等于`balanceOut`。这个函数根据输入代币和输出代币当前的余额来计算获取指定数量的输出代币(`amountOut`)所需要的输入代币数量(`amountIn`)。

关键的逻辑错误来源于除法操作`balanceOut / (balanceOut - amountOut)`。如果`amountOut`等于或超过了`balanceOut`，那么减法`(balanceOut - amountOut)`将结果为零或负数。在Solidity中，除以零将导致交易回滚，但是减法结果为零会使得除法未定义或可能触发错误的计算。

### 漏洞利用步骤

1. **准备条件：** 确保在合同中`tokenOut`的余额(`balanceOut`)是一个已知的非零数。
2. **适当设置`amountOut`：** 选择一个等于或非常接近`balanceOut`的`amountOut`。设置的关键是使得`(balanceOut - amountOut)`非常接近于零但不为零，以利用在计算`amountIn`时除数非常小或未定义的行为。
3. **启动交易：** 调用`swapInGivenOut`函数，传入`amountOut`（等于或非常接近`balanceOut`）。`inGivenOut`函数中的除法操作将执行，其分母很小。
4. **利用除法操作：** 由于非常小的分母（`balanceOut - amountOut`），除法的结果变得非常大，导致`division`值异常增大。
5. **错误计算的结果：** 更大的`division`值导致`factor`非常高，因此计算出来的`amountIn`变得异常大。这导致合同请求的输入代币数量与要发送的输出代币量相比极不相称。
6. **利用不成比例的汇率：** 如果这种情况发生，作为攻击者，你可以利用合同的计算错误，其中相对较少的输出代币消耗了不相称数量的输入代币储备，从而耗尽合同或造成财务差异。

### 结论

这个漏洞在通常的操作条件下非常实用，其中代币余额不会极端不同，可以通过设置正确的`amountOut`来触发。建议在`inGivenOut`函数中加入一个检查，例如`require(amountOut < balanceOut, ""amountOut must be less than balanceOut"")`，以防止这种可利用的场景并确保除法操作始终有效。","",{'result':'dont need In-project other contract'},"{

    IERC20 token0;
    IERC20 token1;

    // LP balance
    mapping(address => uint) balances0;
    mapping(address => uint) balances1;

    constructor(address t0, address t1){
        token0 = IERC20(t0);
        token1 = IERC20(t1);
    }

    // ******** USERS SWAP ******** //

    function inGivenOut(
        uint256 balanceIn,
        uint256 balanceOut,
        uint256 amountOut
    ) internal pure returns (uint256) {
        /**********************************************************************************
        // Derived from Balancer                                                         //
        // aO = amountOut                                                                //
        // bO = balanceOut                                                               //
        // bI = balanceIn              /  /            bO             \        \         //
        // aI = amountIn    aI = bI * |  | --------------------------  |   - 1  |        //
        //                             \  \       ( bO - aO )         /        /         //
        //                                                                               //
        **********************************************************************************/

        // We split the operations in three steps for readeability
        // Division, minus one, and multiplication

        //      /            bO             \                     //
        //     | --------------------------  |                    //
        //      \       ( bO - aO )         /                     //
        uint division = balanceOut / (balanceOut - amountOut);

        //  1 - [...]
        uint256 factor = division - ONE;

        // aI = bI * [...]
        return mul(balanceIn,  factor);
    }

    // Swap the asset
    function swapInGivenOut(bool isToken0, uint amountOut) public invariantCheck(){
        IERC20 tokenIn = isToken0?token0:token1;
        IERC20 tokenOut = isToken0?token1:token0;

        uint balanceIn = tokenIn.balanceOf(address(this));
        uint balanceOut = tokenOut.balanceOf(address(this));

        // We take 2% fee
        amountOut = amountOut * 98 / 100;
        uint amountIn = inGivenOut(balanceIn, balanceOut, amountOut);

        tokenOut.transfer(msg.sender, amountOut);
        tokenIn.transferFrom(msg.sender, address(this), amountIn);
    }

    // Ensure that the k = xy invariant hold
    // This will be disabled for production to save gas
    modifier invariantCheck(){
        uint balanceInBefore = token0.balanceOf(address(this));
        uint balanceOutBefore = token1.balanceOf(address(this));

        uint k_before = balanceInBefore * balanceOutBefore;

        _;

        uint balanceInAfter = token0.balanceOf(address(this));
        uint balanceOutAfter = token1.balanceOf(address(this));

        require(k_before == balanceInAfter * balanceOutAfter);
    }

    // ******** LIQUIDITY PROVIDERS ******** //

    // User can deposit their token0
    function deposit(uint amount) external nonReentrant {
        token0.transferFrom(msg.sender, address(this), amount);
        balances0[msg.sender] += amount;
    }

    // User can withdraw their token0 and token1
    // We follow the check effect interaction pattern
    function withdraw(uint amount0, uint amount1) external {
        balances0[msg.sender] -= amount0;
        balances1[msg.sender] -= amount1;
        token0.transfer(msg.sender, amount0);
        token1.transfer(msg.sender, amount1);
    }

    // User can withdraw all their token0 and token1
    // nonReentrant to protect from reentrancies
    function withdrawAll() external nonReentrant {
        token0.transfer(msg.sender, balances0[msg.sender]);
        token1.transfer(msg.sender, balances1[msg.sender]);
        balances0[msg.sender] = 0;
        balances1[msg.sender] = 0;
    }
}","","","",64,77,./src/dataset/agent-v1-c4/tob/Tob.sol,/Users/xuxiangy/Desktop/trickPrompt-engine/src/dataset/agent-v1-c4/tob/Tob.sol,"","","function swapInGivenOut(bool isToken0, uint amountOut) public invariantCheck(){
        IERC20 tokenIn = isToken0?token0:token1;
        IERC20 tokenOut = isToken0?token1:token0;

        uint balanceIn = tokenIn.balanceOf(address(this));
        uint balanceOut = tokenOut.balanceOf(address(this));

        // We take 2% fee
        amountOut = amountOut * 98 / 100;
        uint amountIn = inGivenOut(balanceIn, balanceOut, amountOut);

        tokenOut.transfer(msg.sender, amountOut);
        tokenIn.transferFrom(msg.sender, address(this), amountIn);
    }
function inGivenOut(
        uint256 balanceIn,
        uint256 balanceOut,
        uint256 amountOut
    ) internal pure returns (uint256) {
        /**********************************************************************************
        // Derived from Balancer                                                         //
        // aO = amountOut                                                                //
        // bO = balanceOut                                                               //
        // bI = balanceIn              /  /            bO             \        \         //
        // aI = amountIn    aI = bI * |  | --------------------------  |   - 1  |        //
        //                             \  \       ( bO - aO )         /        /         //
        //                                                                               //
        **********************************************************************************/

        // We split the operations in three steps for readeability
        // Division, minus one, and multiplication

        //      /            bO             \                     //
        //     | --------------------------  |                    //
        //      \       ( bO - aO )         /                     //
        uint division = balanceOut / (balanceOut - amountOut);

        //  1 - [...]
        uint256 factor = division - ONE;

        // aI = bI * [...]
        return mul(balanceIn,  factor);
    }","{""(64,77)"",""(33,61)""}","function mul(uint256 a, uint256 b) internal pure returns (uint256) {
        uint256 product = a * b;
        return product / ONE;
    }",1
98411,3c603febdf3251ed14ab94e34d74bb47,tob,MyPool.withdraw,"function withdraw(uint amount0, uint amount1) external {
        balances0[msg.sender] -= amount0;
        balances1[msg.sender] -= amount1;
        token0.transfer(msg.sender, amount0);
        token1.transfer(msg.sender, amount1);
    }",0.3115685626752137,"","","","","{
  ""result"": ""high possibility""
}
### Vulnerability Description:

The vulnerability in the provided code stems from a lack of balance checks before performing token transfers. This arises from insufficient validation that a user has enough tokens to withdraw, which can lead to underflows in the balances, effectively allowing users to withdraw more tokens than they hold. This is a typical reentrancy-like condition but in the form of balance manipulation.

### Steps to Exploit:

1. **Initial Setup**: Assume that the user has some balance in both `balances0` and `balances1` but less than they intend to withdraw. For example, user has 100 units of `token0` and 150 units of `token1`.

2. **Crafting the Withdrawal Request**:
   - User requests to withdraw 200 units of `token0` and 250 units of `token1`. This is more than their current balance but the contract lacks proper checks to verify these amounts against existing balances.

3. **Contract Execution**:
   - The user calls `withdraw(200, 250)`.
   - The contract reduces the user's `balances0` by 200, resulting in an underflow because `balances0` becomes a very large number due to solidity's handling of unsigned integers when they roll over (100 - 200 in unsigned arithmetic).
   - Similarly, `balances1` underflows turning into another large number (150 - 250 using unsigned arithmetic).

4. **Effect of Underflow**:
   - Due to underflow, the contract thinks the user has a huge balance (close to maximum `uint` values) and processes the transfer of the requested (over-withdrawn) amounts.

5. **Final Outcome**:
   - The user is able to withdraw more `token0` and `token1` than they originally possessed, thanks to the imbalance created by the underflow. This can potentially drain the contract's token holdings maliciously or accidentally.

### Corrective Actions:
To prevent such vulnerabilities, the contract needs to implement and enforce a pre-transfer balance check to ensure the user has sufficient tokens to cover the withdrawal request. The corrected function would look something like this:

```solidity
function withdraw(uint amount0, uint amount1) external {
    require(balances0[msg.sender] >= amount0, ""Insufficient token0 balance"");
    require(balances1[msg.sender] >= amount1, ""Insufficient token1 balance"");

    balances0[msg.sender] -= amount0;
    balances1[msg.sender] -= amount1;

    token0.transfer(msg.sender, amount0);
    token1.transfer(msg.sender, amount1);
}
```

This adjustment ensures that no withdrawal can proceed if the requested amounts exceed the respective token balances, hence preventing balance underflows and any associated exploitations.","这个漏洞源于代码中在执行代币转移前没有进行余额检查。由于缺乏对用户是否拥有足够代币进行提现的验证，这可能导致在余额中出现下溢（underflow），从而有效地允许用户提取比他们持有的更多的代币。这是一种典型的类似重入的情况，但表现为余额操纵。

### 漏洞利用步骤：

1. **初始设置**：假设用户在 `balances0` 和 `balances1` 中都有一些余额，但少于他们打算提取的数量。例如，用户拥有 100 单位的 `token0` 和 150 单位的 `token1`。

2. **制定提款请求**：
   - 用户请求提取 200 单位的 `token0` 和 250 单位的 `token1`。这超过了他们当前的余额，但合约缺乏适当的检查来验证这些金额是否超过现有余额。

3. **合约执行**：
   - 用户调用 `withdraw(200, 250)`。
   - 合约将用户的 `balances0` 减少 200，导致下溢，因为 `balances0` 变成了一个非常大的数字（由于 solidity 处理无符号整数时的溢出逻辑，100 - 200 的无符号运算）。
   - 同样地，`balances1` 也发生下溢，变成另一个很大的数字（使用无符号算术150 - 250）。

4. **下溢影响**：
   - 由于下溢，合约认为用户有巨大的余额（接近 `uint` 最大值），并处理请求的（超量提取的）金额的转移。

5. **最终结果**：
   - 用户能够提取比他们最初拥有的更多 `token0` 和 `token1`，感谢通过下溢创建的不平衡。这可能会恶意或意外地耗尽合约的代币储备。

### 纠正措施：
为了防止此类漏洞，合约需要实施和强制执行预转账余额检查，以确保用户有足够的代币来支付提款请求。修改后的函数应如下所示：

```solidity
function withdraw(uint amount0, uint amount1) external {
    require(balances0[msg.sender] >= amount0, ""代币0余额不足"");
    require(balances1[msg.sender] >= amount1, ""代币1余额不足"");

    balances0[msg.sender] -= amount0;
    balances1[msg.sender] -= amount1;

    token0.transfer(msg.sender, amount0);
    token1.transfer(msg.sender, amount1);
}
```

这种调整确保没有任何提款可以进行，如果请求的金额超过相应的代币余额，从而防止余额下溢和任何相关的利用漏洞。","","The vulnerability described is self-contained within the provided function `withdraw`. The establishment of this vulnerability does not depend on the code of other unknown contracts, nor is it affected by any external calls or contract states not already mentioned in the problem (i.e., `msg.sender`, `balances0`, `balances1`, `token0.transfer()`, and `token1.transfer()`). The entire exploit revolves around insufficient balance checks and the resulting underflow within the function alone, making the vulnerability directly linked to the specific function's logic, without requiring interactions or dependencies on external contract functionalities or states.

Therefore, the correct JSON result is: 

```json
{'result':'dont need In-project other contract'}
```","{

    IERC20 token0;
    IERC20 token1;

    // LP balance
    mapping(address => uint) balances0;
    mapping(address => uint) balances1;

    constructor(address t0, address t1){
        token0 = IERC20(t0);
        token1 = IERC20(t1);
    }

    // ******** USERS SWAP ******** //

    function inGivenOut(
        uint256 balanceIn,
        uint256 balanceOut,
        uint256 amountOut
    ) internal pure returns (uint256) {
        /**********************************************************************************
        // Derived from Balancer                                                         //
        // aO = amountOut                                                                //
        // bO = balanceOut                                                               //
        // bI = balanceIn              /  /            bO             \        \         //
        // aI = amountIn    aI = bI * |  | --------------------------  |   - 1  |        //
        //                             \  \       ( bO - aO )         /        /         //
        //                                                                               //
        **********************************************************************************/

        // We split the operations in three steps for readeability
        // Division, minus one, and multiplication

        //      /            bO             \                     //
        //     | --------------------------  |                    //
        //      \       ( bO - aO )         /                     //
        uint division = balanceOut / (balanceOut - amountOut);

        //  1 - [...]
        uint256 factor = division - ONE;

        // aI = bI * [...]
        return mul(balanceIn,  factor);
    }

    // Swap the asset
    function swapInGivenOut(bool isToken0, uint amountOut) public invariantCheck(){
        IERC20 tokenIn = isToken0?token0:token1;
        IERC20 tokenOut = isToken0?token1:token0;

        uint balanceIn = tokenIn.balanceOf(address(this));
        uint balanceOut = tokenOut.balanceOf(address(this));

        // We take 2% fee
        amountOut = amountOut * 98 / 100;
        uint amountIn = inGivenOut(balanceIn, balanceOut, amountOut);

        tokenOut.transfer(msg.sender, amountOut);
        tokenIn.transferFrom(msg.sender, address(this), amountIn);
    }

    // Ensure that the k = xy invariant hold
    // This will be disabled for production to save gas
    modifier invariantCheck(){
        uint balanceInBefore = token0.balanceOf(address(this));
        uint balanceOutBefore = token1.balanceOf(address(this));

        uint k_before = balanceInBefore * balanceOutBefore;

        _;

        uint balanceInAfter = token0.balanceOf(address(this));
        uint balanceOutAfter = token1.balanceOf(address(this));

        require(k_before == balanceInAfter * balanceOutAfter);
    }

    // ******** LIQUIDITY PROVIDERS ******** //

    // User can deposit their token0
    function deposit(uint amount) external nonReentrant {
        token0.transferFrom(msg.sender, address(this), amount);
        balances0[msg.sender] += amount;
    }

    // User can withdraw their token0 and token1
    // We follow the check effect interaction pattern
    function withdraw(uint amount0, uint amount1) external {
        balances0[msg.sender] -= amount0;
        balances1[msg.sender] -= amount1;
        token0.transfer(msg.sender, amount0);
        token1.transfer(msg.sender, amount1);
    }

    // User can withdraw all their token0 and token1
    // nonReentrant to protect from reentrancies
    function withdrawAll() external nonReentrant {
        token0.transfer(msg.sender, balances0[msg.sender]);
        token1.transfer(msg.sender, balances1[msg.sender]);
        balances0[msg.sender] = 0;
        balances1[msg.sender] = 0;
    }
}","","","",105,110,./src/dataset/agent-v1-c4/tob/Tob.sol,/Users/xuxiangy/Desktop/trickPrompt-engine/src/dataset/agent-v1-c4/tob/Tob.sol,"","","function withdraw(uint amount0, uint amount1) external {
        balances0[msg.sender] -= amount0;
        balances1[msg.sender] -= amount1;
        token0.transfer(msg.sender, amount0);
        token1.transfer(msg.sender, amount1);
    }","{""(105,110)""}","",1
98410,314ba54940688b0716d7c401ac70df83,tob,MyPool.deposit,"function deposit(uint amount) external nonReentrant {
        token0.transferFrom(msg.sender, address(this), amount);
        balances0[msg.sender] += amount;
    }",0.1474435149230532,"","","","","Analyzing the provided code for the `withdraw()` function:

1. **Understanding the Withdraw Function**:
   - The function takes two arguments: `uint amount0` and `uint amount1`, which are intended withdrawal amounts for `token0` and `token1`.
   - It directly deducts these amounts from the sender's balances: `balances0[msg.sender] -= amount0;` and `balances1[msg.sender] -= amount1;`.
   - The tokens are then transferred to the sender: `token0.transfer(msg.sender, amount0);` and `token1.transfer(msg.sender, amount1);`.

2. **Balance Deduction without Prior Checks**:
   - The balances are manipulated before any checks for adequacy or overflow/underflow conditions. In Solidity, arithmetic operations on unsigned integers (uint) are prone to underflow and overflow without proper checks.

3. **Solidity Version and Safe Math**:
   - The exact Solidity version and whether SafeMath (or automatic overflow/underflow checks in newer Solidity versions, >0.8.x) is used are not specified. If SafeMath is not used or the version is below 0.8.x, `uint` operations are vulnerable to underflows.

4. **Scenario Exploration for Exploitation**:
   - If an attacker attempts to withdraw more tokens than they possess, and assuming no underflow protection is active, the subtraction results in very high balances due to underflow, causing considerable sums of tokens to be transferred mistakenly, assuming the token balances in the contract permit it.
   
5. **Contractual Validations**:
   - There is no explicit check for the sufficiency of the balances before performing the subtraction and transfer operations, which is critical for maintaining token balance integrity.

6. **Token Transfer Considerations**:
   - The function relies on the `transfer` calls of the respective tokens to complete the operation. Depending on token implementation specifics, the transfer might fail if it internally validates the transfer amount against the actual token balance within the contract. However, this isn't always guaranteed.

### Conclusion:
Given the absence of explicit balance checks before adjusting the balances and conducting transfers, and assuming older Solidity versions without automatic checks (or absence of SafeMath), the described vulnerability could very likely exist. If a user requests to withdraw more than their balance and underflow occurs, they might illegitimately withdraw vast amounts of tokens. There is a high risk associated with this behavior in typical usage scenarios without considering additional protections in the token implementation itself.

```json
{
  ""result"": ""high possibility""
}
```
### Vulnerability Description:

The vulnerability in the provided code lies in the `withdraw()` function. The function does not validate whether the msg.sender has the required balance to carry out the withdrawal for both `token0` and `token1`, it only reduces users' balance without verifying if the balance was sufficient for the transaction in the first place. This can allow an attacker to withdraw tokens up to underflow limits, leading to enormous unintended transfers of tokens.

### Exploitation Steps:

1. Consider a scenario where an attacker has zero balance of both `token0` (`balances0[msg.sender] = 0`) and `token1` (`balances1[msg.sender] = 0`).
  
2. The attacker calls the `withdraw` function with large withdrawal amounts `(uint amount0, uint amount1)` which are greater than the current zero balances.

3. Inside the function:
   - The balances for the msg.sender are adjusted first: `balances0[msg.sender] -= amount0;` and `balances1[msg.sender] -= amount1;`.
   - Given that the balances were initially zero and safe math isn't explicit about underflow prevention, the subtraction can lead to underflowing the balance variable, returning a large number (close to the type maximum of `uint`).
   - The `token0.transfer(msg.sender, amount0);` and `token1.transfer(msg.sender, amount1);` subsequently attempt to transfer these large, unintended amounts to the attacker’s address.
   
4. As a result, assuming the token contracts themselves don't have guard checks against such large unintended transfers, and the pool has these tokens, the attacker could drain the contract’s token pools, accumulating much more tokens than they should legitimately have.

### Conclusion:
This demonstrated exploit allows an attacker to wrongfully obtain potentially vast amounts of tokens by leveraging the lack of balance checks in the `withdraw` function, thus severely compromising the integrity of the contract's token management functionality. Immediate remediation involves implementing checks to verify user balances before proceeding with any withdrawals.","在这个漏洞中，`withdraw()` 函数存在问题。该函数未验证发送者是否具有足够的账户余额来进行 `token0` 和 `token1` 的提款，而是在不验证情况下直接减少用户余额。这可能允许攻击者利用整数下溢现象，非法提取大量代币，导致意外的大额代币转账。

### 漏洞利用步骤：

1. 假设攻击者的 `token0` 和 `token1` 的余额都是零（`balances0[msg.sender] = 0` 和 `balances1[msg.sender] = 0`）。

2. 攻击者使用大于当前余额的提款金额调用 `withdraw` 函数（`uint amount0, uint amount1`）。

3. 函数内部操作如下：
   - 首先调整发送者的余额：`balances0[msg.sender] -= amount0;` 和 `balances1[msg.sender] -= amount1;`。
   - 由于操作之前的余额是零，且没有明确指出是否防止下溢，减法运算可能导致余额变量下溢，从而返回一个接近 `uint` 类型最大值的大数字。
   - 随后，`token0.transfer(msg.sender, amount0);` 和 `token1.transfer(msg.sender, amount1);` 尝试向攻击者地址转账这些大量的、意外的代币。

4. 结果，假设代币合约本身没有防止此类大规模意外转账的监测机制，并且池中有这些代币，攻击者可能会榨干合约的代币池，非法获取远多于他们应合法拥有的代币。

### 结论：
这种展示的攻击手段使攻击者能够通过利用 `withdraw` 函数中缺乏余额检查，非法获取可能的大量代币，从而严重损害合约的代币管理功能的完整性。立即补救措施包括在进行任何提款之前实施检查以核实用户余额。","",{'result':'dont need In-project other contract'},"{

    IERC20 token0;
    IERC20 token1;

    // LP balance
    mapping(address => uint) balances0;
    mapping(address => uint) balances1;

    constructor(address t0, address t1){
        token0 = IERC20(t0);
        token1 = IERC20(t1);
    }

    // ******** USERS SWAP ******** //

    function inGivenOut(
        uint256 balanceIn,
        uint256 balanceOut,
        uint256 amountOut
    ) internal pure returns (uint256) {
        /**********************************************************************************
        // Derived from Balancer                                                         //
        // aO = amountOut                                                                //
        // bO = balanceOut                                                               //
        // bI = balanceIn              /  /            bO             \        \         //
        // aI = amountIn    aI = bI * |  | --------------------------  |   - 1  |        //
        //                             \  \       ( bO - aO )         /        /         //
        //                                                                               //
        **********************************************************************************/

        // We split the operations in three steps for readeability
        // Division, minus one, and multiplication

        //      /            bO             \                     //
        //     | --------------------------  |                    //
        //      \       ( bO - aO )         /                     //
        uint division = balanceOut / (balanceOut - amountOut);

        //  1 - [...]
        uint256 factor = division - ONE;

        // aI = bI * [...]
        return mul(balanceIn,  factor);
    }

    // Swap the asset
    function swapInGivenOut(bool isToken0, uint amountOut) public invariantCheck(){
        IERC20 tokenIn = isToken0?token0:token1;
        IERC20 tokenOut = isToken0?token1:token0;

        uint balanceIn = tokenIn.balanceOf(address(this));
        uint balanceOut = tokenOut.balanceOf(address(this));

        // We take 2% fee
        amountOut = amountOut * 98 / 100;
        uint amountIn = inGivenOut(balanceIn, balanceOut, amountOut);

        tokenOut.transfer(msg.sender, amountOut);
        tokenIn.transferFrom(msg.sender, address(this), amountIn);
    }

    // Ensure that the k = xy invariant hold
    // This will be disabled for production to save gas
    modifier invariantCheck(){
        uint balanceInBefore = token0.balanceOf(address(this));
        uint balanceOutBefore = token1.balanceOf(address(this));

        uint k_before = balanceInBefore * balanceOutBefore;

        _;

        uint balanceInAfter = token0.balanceOf(address(this));
        uint balanceOutAfter = token1.balanceOf(address(this));

        require(k_before == balanceInAfter * balanceOutAfter);
    }

    // ******** LIQUIDITY PROVIDERS ******** //

    // User can deposit their token0
    function deposit(uint amount) external nonReentrant {
        token0.transferFrom(msg.sender, address(this), amount);
        balances0[msg.sender] += amount;
    }

    // User can withdraw their token0 and token1
    // We follow the check effect interaction pattern
    function withdraw(uint amount0, uint amount1) external {
        balances0[msg.sender] -= amount0;
        balances1[msg.sender] -= amount1;
        token0.transfer(msg.sender, amount0);
        token1.transfer(msg.sender, amount1);
    }

    // User can withdraw all their token0 and token1
    // nonReentrant to protect from reentrancies
    function withdrawAll() external nonReentrant {
        token0.transfer(msg.sender, balances0[msg.sender]);
        token1.transfer(msg.sender, balances1[msg.sender]);
        balances0[msg.sender] = 0;
        balances1[msg.sender] = 0;
    }
}","","","",98,101,./src/dataset/agent-v1-c4/tob/Tob.sol,/Users/xuxiangy/Desktop/trickPrompt-engine/src/dataset/agent-v1-c4/tob/Tob.sol,"","","function swapInGivenOut(bool isToken0, uint amountOut) public invariantCheck(){
        IERC20 tokenIn = isToken0?token0:token1;
        IERC20 tokenOut = isToken0?token1:token0;

        uint balanceIn = tokenIn.balanceOf(address(this));
        uint balanceOut = tokenOut.balanceOf(address(this));

        // We take 2% fee
        amountOut = amountOut * 98 / 100;
        uint amountIn = inGivenOut(balanceIn, balanceOut, amountOut);

        tokenOut.transfer(msg.sender, amountOut);
        tokenIn.transferFrom(msg.sender, address(this), amountIn);
    }
function withdraw(uint amount0, uint amount1) external {
        balances0[msg.sender] -= amount0;
        balances1[msg.sender] -= amount1;
        token0.transfer(msg.sender, amount0);
        token1.transfer(msg.sender, amount1);
    }
function deposit(uint amount) external nonReentrant {
        token0.transferFrom(msg.sender, address(this), amount);
        balances0[msg.sender] += amount;
    }","{""(64,77)"",""(105,110)"",""(98,101)""}","",1
98419,4c7e83cdc1be2b711e07090cad9f9edb,tob,MyPool.withdraw,"function withdraw(uint amount0, uint amount1) external {
        balances0[msg.sender] -= amount0;
        balances1[msg.sender] -= amount1;
        token0.transfer(msg.sender, amount0);
        token1.transfer(msg.sender, amount1);
    }",0.3448164306793754,"","","","","**Code Analysis:**
1. **Initial Setup:** The function `withdraw(uint amount0, uint amount1)` allows a user to withdraw specified amounts of two types of tokens, `token0` and `token1`, from their respective balances `balances0` and `balances1`.

2. **Balance Deduction:** The function directly subtracts the withdrawal amounts (`amount0` and `amount1`) from the user's current balances stored in `balances0[msg.sender]` and `balances1[msg.sender]` without any prior check.

3. **Underflow Potential:** In Solidity, which typically uses uint for storing variable values (unsigned integers), subtraction below zero does not produce a negative number but causes underflow. This means `0 - 1` would result in the highest possible uint value, not a negative.

4. **Transfer of Tokens:** Post-deduction, regardless of the updated balance's integrity, the tokens are transferred to `msg.sender` using `token0.transfer(msg.sender, amount0)` and `token1.transfer(msg.sender, amount1)`. 

5. **Security Implication:** Given the lack of balance checks, if a user with insufficient tokens attempts the withdrawal, the underflow will occur, misrepresenting their balance as extremely high, thus allowing them to potentially transfer more tokens than they own.

**Conclusion:**
Given this analysis, the danger of an underflow, which can allow an attacker to withdraw more tokens than they own due to incorrect balance representations, is a significant risk within this smart contract function. While specific constraints related to the operations of `token0.transfer` and `token1.transfer` might mitigate the risks, the potential for exploitation is inherently present due to the underchecking of balances before subtraction.

Based on this step-by-step analysis:
```json
{""result"":""high possibility""}
```
**Vulnerability Description:**
The vulnerability in the given smart contract code is the lack of validation checks before performing balance deductions and token transfers. Specifically, the contract does not verify if the `msg.sender` indeed has sufficient balances (`balances0[msg.sender]` and `balances1[msg.sender]`) equal to or greater than the amounts (`amount0` and `amount1`) they are attempting to withdraw. This can result in underflows in the balance variables, leading to potential exploitation where an attacker could, by requesting a withdrawal larger than their balance, trick the contract into thinking they have a much larger balance due to underflow, thereby enabling them to withdraw tokens they do not own.

**Step-by-step Exploitation:**
1. **Setup Context:** Assume that an attacker's balance (`balances0[attacker]` and `balances1[attacker]`) is 0 for both `token0` and `token1`.
2. **Trigger Underflow:** The attacker calls the `withdraw()` function with `amount0` and `amount1` values that are greater than their current balance (0 in this case). Let's say, `withdraw(1,1)`.
3. **Underflow Mechanics:** Since Solidity uses fixed-size uint variables which don't natively handle negatives, attempting to subtract 1 from 0 results in an underflow, causing `balances0[attacker]` and `balances1[attacker]` to wrap around to a large number (`2^256 - 1` for a uint256).
4. **Exploiting the Error:** The balance variables now incorrectly reflect a huge balance for the attacker due to underflow. The attacker is then able to transfer out potentially large amounts of `token0` and `token1` far exceeding their original holdings.
5. **Multiple Withdrawals:** By repeatedly exploiting this underflow, the attacker could drain the tokens stored in the contract associated with `token0` and `token1`.

**Required Corrections:**
- **Check for Sufficient Balance:** The smart contract should always check if the `msg.sender` has a balance greater than or equal to the withdrawal request for both token types before performing the subtraction and executing the transfer:
  ```solidity
  require(balances0[msg.sender] >= amount0, ""Insufficient token0 balance"");
  require(balances1[msg.sender] >= amount1, ""Insufficient token1 balance"");
  ```
  Add the above lines of code before subtracting from the balances and performing the transfer. This will prevent any underflows and ensure that no tokens can be withdrawn unless the requester already owns enough tokens.

Implementing these checks ensures that only legitimate withdrawals are processed, preserving the integrity of the token balances and protecting the assets held within the smart contract.","在智能合约中，此漏洞的主要问题在于在进行余额扣减或代币转移之前没有进行有效的余额验证。这里的具体问题是智能合约没有在扣减操作（withdraw操作）之前检查`msg.sender`是否有足够的代币余额(`balances0[msg.sender]` 和 `balances1[msg.sender]`) 来应对他们想要提取的数量 (`amount0` 和 `amount1`)。

在Solidity中，使用的是无符号整型(uint)来存储变量值，无符号整型在数学运算中不会产生负数，当尝试减去一个比它更大的数时会导致下溢（underflow）。例如，从0减去1不会得到-1，而是会得到uint类型所能表示的最大值（对于uint256来说，这将是`2^256 - 1`）。

如果攻击者利用这个漏洞，他们可以进行以下操作：
1. 设定上下文：假设攻击者的余额 (`balances0[attacker]` 和 `balances1[attacker]`) 对 `token0` 和 `token1` 都是0。
2. 触发下溢：攻击者调用`withdraw()`函数，并提供比他们当前余额（此案例中为0）更大的数值，比方说 `withdraw(1,1)`。
3. 下溢机制：由于Solidity使用固定大小的uint变量，这种减法会导致下溢，使得`balances0[attacker]` 和 `balances1[attacker]` 变成一个非常大的数(`2^256 - 1`)。
4. 利用错误：这时的余额变量由于下溢错误地反映了攻击者有大量余额。因此攻击者可以转移出大量的`token0`和`token1`，远远超出他们原有的持有量。
5. 多次提现：通过重复利用这一点，攻击者可以从与`token0`和`token1`相关联的合约中提取代币。

**需要的修正措施**包括：
- **检查足够的余额**：智能合约在执行减法和转移之前，应始终检查`msg.sender`对于两种代币类型是否有足够的余额。可以通过在扣减余额和执行转移之前添加如下代码来预防下溢并确保没有足够代币的请求者无法提取代币：
  ```solidity
  require(balances0[msg.sender] >= amount0, ""Insufficient token0 balance"");
  require(balances1[msg.sender] >= amount1, ""Insufficient token1 balance"");
  ```

通过实施这些检查，可以确保只处理合法的提款请求，维护代币余额的完整性，并保护存储在智能合约中的资产。","","The withdrawal vulnerability described is not dependent on the code of other unknown or unprovided contracts within the project and does not rely on external calls or states of other contracts. It revolves entirely around internal state management and arithmetic operations vulnerable to underflows, specific to this contract's coded mechanisms for handling withdrawals and balance checks. Thus, resolving or exploiting the vulnerability does not necessitate interactions or dependencies with any external contracts or unprovided parts of the project.

JSON result:
{'result':'dont need In-project other contract'}","{

    IERC20 token0;
    IERC20 token1;

    // LP balance
    mapping(address => uint) balances0;
    mapping(address => uint) balances1;

    constructor(address t0, address t1){
        token0 = IERC20(t0);
        token1 = IERC20(t1);
    }

    // ******** USERS SWAP ******** //

    function inGivenOut(
        uint256 balanceIn,
        uint256 balanceOut,
        uint256 amountOut
    ) internal pure returns (uint256) {
        /**********************************************************************************
        // Derived from Balancer                                                         //
        // aO = amountOut                                                                //
        // bO = balanceOut                                                               //
        // bI = balanceIn              /  /            bO             \        \         //
        // aI = amountIn    aI = bI * |  | --------------------------  |   - 1  |        //
        //                             \  \       ( bO - aO )         /        /         //
        //                                                                               //
        **********************************************************************************/

        // We split the operations in three steps for readeability
        // Division, minus one, and multiplication

        //      /            bO             \                     //
        //     | --------------------------  |                    //
        //      \       ( bO - aO )         /                     //
        uint division = balanceOut / (balanceOut - amountOut);

        //  1 - [...]
        uint256 factor = division - ONE;

        // aI = bI * [...]
        return mul(balanceIn,  factor);
    }

    // Swap the asset
    function swapInGivenOut(bool isToken0, uint amountOut) public invariantCheck(){
        IERC20 tokenIn = isToken0?token0:token1;
        IERC20 tokenOut = isToken0?token1:token0;

        uint balanceIn = tokenIn.balanceOf(address(this));
        uint balanceOut = tokenOut.balanceOf(address(this));

        // We take 2% fee
        amountOut = amountOut * 98 / 100;
        uint amountIn = inGivenOut(balanceIn, balanceOut, amountOut);

        tokenOut.transfer(msg.sender, amountOut);
        tokenIn.transferFrom(msg.sender, address(this), amountIn);
    }

    // Ensure that the k = xy invariant hold
    // This will be disabled for production to save gas
    modifier invariantCheck(){
        uint balanceInBefore = token0.balanceOf(address(this));
        uint balanceOutBefore = token1.balanceOf(address(this));

        uint k_before = balanceInBefore * balanceOutBefore;

        _;

        uint balanceInAfter = token0.balanceOf(address(this));
        uint balanceOutAfter = token1.balanceOf(address(this));

        require(k_before == balanceInAfter * balanceOutAfter);
    }

    // ******** LIQUIDITY PROVIDERS ******** //

    // User can deposit their token0
    function deposit(uint amount) external nonReentrant {
        token0.transferFrom(msg.sender, address(this), amount);
        balances0[msg.sender] += amount;
    }

    // User can withdraw their token0 and token1
    // We follow the check effect interaction pattern
    function withdraw(uint amount0, uint amount1) external {
        balances0[msg.sender] -= amount0;
        balances1[msg.sender] -= amount1;
        token0.transfer(msg.sender, amount0);
        token1.transfer(msg.sender, amount1);
    }

    // User can withdraw all their token0 and token1
    // nonReentrant to protect from reentrancies
    function withdrawAll() external nonReentrant {
        token0.transfer(msg.sender, balances0[msg.sender]);
        token1.transfer(msg.sender, balances1[msg.sender]);
        balances0[msg.sender] = 0;
        balances1[msg.sender] = 0;
    }
}","","","",105,110,./src/dataset/agent-v1-c4/tob/Tob.sol,/Users/xuxiangy/Desktop/trickPrompt-engine/src/dataset/agent-v1-c4/tob/Tob.sol,"","","function withdraw(uint amount0, uint amount1) external {
        balances0[msg.sender] -= amount0;
        balances1[msg.sender] -= amount1;
        token0.transfer(msg.sender, amount0);
        token1.transfer(msg.sender, amount1);
    }","{""(105,110)""}","",1
98404,42174fc67b57822584b53d4084cb2cec,tob,MyPool.deposit,"function deposit(uint amount) external nonReentrant {
        token0.transferFrom(msg.sender, address(this), amount);
        balances0[msg.sender] += amount;
    }",0.9915901899834433,"","","","","{
    ""result"": ""high possibility""
}
### Description of Vulnerability:

The exploitable code vulnerability in the `swapInGivenOut` function concerns the lack of checks for token balances after calculating the required amount of `tokenIn` for a swap. In this function, `amountIn` is calculated using the `inGivenOut` function (whose implementation we assume involves some formula based on `balanceIn`, `balanceOut`, and a given `amountOut`). Critically, there are no checks to ensure that the amount of `tokenIn` that is calculated to be transferred from the caller is available in the caller's balance, nor to ensure the contract has enough `tokenOut` to transfer the required `amountOut`.

### Steps to Exploit:

1. **Assuming an Imbalance in Reserves:**
   Assume a scenario where the contract has a very high `balanceOut` of `tokenOut` and a very low `balanceIn` of `tokenIn`.

2. **Initiating the Swap:**
   As a user or attacker, call the `swapInGivenOut` function requesting a relatively high `amountOut` of `tokenOut` which can be misleading because it might require a disproportionately higher `amountIn` due to the low `balanceIn`.

3. **Inflating `amountIn`:**
   The calculation `uint amountIn = inGivenOut(balanceIn, balanceOut, amountOut);` could potentially result in a very large `amountIn` because the formula might require a lot more input of `tokenIn` to balance out the high output of `tokenOut` due to the reserves’ disparity.

4. **No Verification:**
   Since there’s no check if the calculated `amountIn` exceeds what the user has in their wallet or has approved the contract to move, nor if the requested `amountOut` is available in the contract's reserves for `tokenOut`.

5. **Potential Outcome:**
   - If the user doesn’t actually hold or hasn't approved the contract to move such an `amountIn`, the transaction will fail at `tokenIn.transferFrom` due to ERC20's basic safety checks, causing inconvenience and unnecessary gas expenditure.
   - If the input check was ignored (assuming hypothetically it could proceed), it could drain the contract's balance if the `amountOut` isn't proportionally justified by the reserves.

### Conclusion:

The vulnerability leads to a potential miscalculation and unsafe execution of swaps where high amounts of `tokenOut` can be requested without ensuring adequate `tokenIn` supply from the user’s side or proper reserve checks within the contract. This could lead to a denial of service if users repeatedly triggered failures or theoretically, if bypassed, could cause imbalanced token reserve issues in the smart contract, risking financial integrity and user trust.","这个可利用的代码漏洞位于`swapInGivenOut`函数中，问题在于在计算用于交换的`tokenIn`所需的数量后，没有检查代币余额。在该函数中，`amountIn`通过`inGivenOut`函数计算得出（我们假设其实现涉及基于`balanceIn`、`balanceOut`和给定的`amountOut`的某种公式）。关键是没有检查来确保计算出来要从调用者那里转移的`tokenIn`的数量是否可用，或者合约是否有足够的`tokenOut`来转移所需的`amountOut`。

以下是利用此漏洞的步骤：

1. **假设库存不平衡**：
   假设一个情景，合约的`tokenOut`的`balanceOut`非常高，而`tokenIn`的`balanceIn`非常低。

2. **发起交换**：
   作为用户或攻击者，调用`swapInGivenOut`函数，请求相对较高的`tokenOut`的`amountOut`，这可能是误导性的，因为由于库存的不平衡，可能需要不成比例的更多的`tokenIn`。

3. **膨胀`amountIn`**：
   计算`uint amountIn = inGivenOut(balanceIn, balanceOut, amountOut);`可能会导致非常大的`amountIn`，因为该公式可能需要更多的`tokenIn`输入以平衡高输出的`tokenOut`。

4. **无验证检查**：
   由于没有检查计算出的`amountIn`是否超过了用户在其钱包中拥有的量，或者合约能否移动这么多，也没有检查合约是否有足够的`tokenOut`供应。

5. **潜在结果**：
   - 如果用户实际上并未拥有或未授权合约移动如此多的`amountIn`，则在`tokenIn.transferFrom`处的交易将因ERC20的基本安全检查而失败，导致不便和不必要的燃气支出。
   - 如果输入检查被忽视（假设理论上可以继续进行），如果请求的`amountOut`在资源储备中不成比例的话，可能会耗尽合约余额。

**结论**：

这个漏洞会导致潜在的计算错误和不安全的交换执行，可以请求没有确保用户一方有足够`tokenIn`供应或合约内没有适当的储备检查的大量`tokenOut`。这可能导致拒绝服务，如果用户反复触发失败，或者理论上，如果被绕过，可能导致智能合约中的代币储备问题，危及财务完整性和用户信任。","","The establishment of the vulnerability in the `swapInGivenOut` function as described does not depend on the code of other unknown or unprovided contracts within the project explicitly. It primarily revolves around the internal logic and state management within this contract itself—specifically how it calculates `amountIn` and its checks (or lack thereof) on balances before proceeding with transfers.

The vulnerability fix or realization does not need the interaction or state of other contracts besides the ERC20 token contracts (`token0` and `token1`) which are already known and part of the function's context. The critical factors here include the existing balance checks and the state of token reserves managed directly within this contract, and how the contract handles ERC20 transfer and transferFrom functions.

Therefore, the answer is:

{'result':'dont need In-project other contract'}","{

    IERC20 token0;
    IERC20 token1;

    // LP balance
    mapping(address => uint) balances0;
    mapping(address => uint) balances1;

    constructor(address t0, address t1){
        token0 = IERC20(t0);
        token1 = IERC20(t1);
    }

    // ******** USERS SWAP ******** //

    function inGivenOut(
        uint256 balanceIn,
        uint256 balanceOut,
        uint256 amountOut
    ) internal pure returns (uint256) {
        /**********************************************************************************
        // Derived from Balancer                                                         //
        // aO = amountOut                                                                //
        // bO = balanceOut                                                               //
        // bI = balanceIn              /  /            bO             \        \         //
        // aI = amountIn    aI = bI * |  | --------------------------  |   - 1  |        //
        //                             \  \       ( bO - aO )         /        /         //
        //                                                                               //
        **********************************************************************************/

        // We split the operations in three steps for readeability
        // Division, minus one, and multiplication

        //      /            bO             \                     //
        //     | --------------------------  |                    //
        //      \       ( bO - aO )         /                     //
        uint division = balanceOut / (balanceOut - amountOut);

        //  1 - [...]
        uint256 factor = division - ONE;

        // aI = bI * [...]
        return mul(balanceIn,  factor);
    }

    // Swap the asset
    function swapInGivenOut(bool isToken0, uint amountOut) public invariantCheck(){
        IERC20 tokenIn = isToken0?token0:token1;
        IERC20 tokenOut = isToken0?token1:token0;

        uint balanceIn = tokenIn.balanceOf(address(this));
        uint balanceOut = tokenOut.balanceOf(address(this));

        // We take 2% fee
        amountOut = amountOut * 98 / 100;
        uint amountIn = inGivenOut(balanceIn, balanceOut, amountOut);

        tokenOut.transfer(msg.sender, amountOut);
        tokenIn.transferFrom(msg.sender, address(this), amountIn);
    }

    // Ensure that the k = xy invariant hold
    // This will be disabled for production to save gas
    modifier invariantCheck(){
        uint balanceInBefore = token0.balanceOf(address(this));
        uint balanceOutBefore = token1.balanceOf(address(this));

        uint k_before = balanceInBefore * balanceOutBefore;

        _;

        uint balanceInAfter = token0.balanceOf(address(this));
        uint balanceOutAfter = token1.balanceOf(address(this));

        require(k_before == balanceInAfter * balanceOutAfter);
    }

    // ******** LIQUIDITY PROVIDERS ******** //

    // User can deposit their token0
    function deposit(uint amount) external nonReentrant {
        token0.transferFrom(msg.sender, address(this), amount);
        balances0[msg.sender] += amount;
    }

    // User can withdraw their token0 and token1
    // We follow the check effect interaction pattern
    function withdraw(uint amount0, uint amount1) external {
        balances0[msg.sender] -= amount0;
        balances1[msg.sender] -= amount1;
        token0.transfer(msg.sender, amount0);
        token1.transfer(msg.sender, amount1);
    }

    // User can withdraw all their token0 and token1
    // nonReentrant to protect from reentrancies
    function withdrawAll() external nonReentrant {
        token0.transfer(msg.sender, balances0[msg.sender]);
        token1.transfer(msg.sender, balances1[msg.sender]);
        balances0[msg.sender] = 0;
        balances1[msg.sender] = 0;
    }
}","","","",98,101,./src/dataset/agent-v1-c4/tob/Tob.sol,/Users/xuxiangy/Desktop/trickPrompt-engine/src/dataset/agent-v1-c4/tob/Tob.sol,"","","function swapInGivenOut(bool isToken0, uint amountOut) public invariantCheck(){
        IERC20 tokenIn = isToken0?token0:token1;
        IERC20 tokenOut = isToken0?token1:token0;

        uint balanceIn = tokenIn.balanceOf(address(this));
        uint balanceOut = tokenOut.balanceOf(address(this));

        // We take 2% fee
        amountOut = amountOut * 98 / 100;
        uint amountIn = inGivenOut(balanceIn, balanceOut, amountOut);

        tokenOut.transfer(msg.sender, amountOut);
        tokenIn.transferFrom(msg.sender, address(this), amountIn);
    }
function withdraw(uint amount0, uint amount1) external {
        balances0[msg.sender] -= amount0;
        balances1[msg.sender] -= amount1;
        token0.transfer(msg.sender, amount0);
        token1.transfer(msg.sender, amount1);
    }
function deposit(uint amount) external nonReentrant {
        token0.transferFrom(msg.sender, address(this), amount);
        balances0[msg.sender] += amount;
    }","{""(64,77)"",""(105,110)"",""(98,101)""}","",1
98392,b9e7313684140d3bb22519191d51396b,tob,MyPool.swapInGivenOut,"function swapInGivenOut(bool isToken0, uint amountOut) public invariantCheck(){
        IERC20 tokenIn = isToken0?token0:token1;
        IERC20 tokenOut = isToken0?token1:token0;

        uint balanceIn = tokenIn.balanceOf(address(this));
        uint balanceOut = tokenOut.balanceOf(address(this));

        // We take 2% fee
        amountOut = amountOut * 98 / 100;
        uint amountIn = inGivenOut(balanceIn, balanceOut, amountOut);

        tokenOut.transfer(msg.sender, amountOut);
        tokenIn.transferFrom(msg.sender, address(this), amountIn);
    }",0.8969853020776096,"","","","","{
    ""result"": ""yes""
}
1. **Vulnerability Details**:
   The logical vulnerability in the code lies in the calculation of `amountIn` using the function `inGivenOut`. Specifically, the function miscalculates the necessary amount of `tokenIn` to receive for a given `amountOut` because it uses incorrect arithmetic operations for calculating `division` and subsequent `factor`. It results in wrong `amountIn` calculation which can cause the contract to either request too much or too little from the user compared to the actual market rate, potentially causing financial losses to the users or to the contract.

2. **Step-by-step Exploit**:
   a. Assume that `balanceIn` of `tokenIn` and `balanceOut` of `tokenOut` are both significantly large for simpler calculations, say 1000 units each.
   b. A user initiates a swap with the intention to receive 100 units of `tokenOut`. The function first reduces this by 2% to 98 units because of the fee.
   c. The calculation within `inGivenOut` is then performed to determine `amountIn`:
      - The `division` calculation attempts `balanceOut / (balanceOut - amountOut)`. Plugging the numbers, it results in `1000 / (1000 - 98) = 1000 / 902 ≈ 1.10864`.
      - The `factor` should have been calculated as `division - 1`, but it's executed as `(1 - division)` which results in wrong arithmetic sign, yielding `-0.10864` instead of the expected positive ""gain"".
   d. When `amountIn` is calculated as `balanceIn * factor`, it results in a negative or zero value (due to using safemath, it might revert), which is incorrect. Participants seeking to exploit this might provide incorrect values to further stress this calculation error, potentially causing logical faults or unexpected transfers.
     
3. **Resulting Impact**:
   If the calculation error does not cause a revert due to zero or negative values via safe math, the contract could either:
   - Excessively charge users more `tokenIn` than the market rate.
   - Or dangerously less, which might not cover the cost of `tokenOut` being sent out, resulting in losses to the liquidity of this contract.

Given that the design logic flaw critically affects financial calculations, it's a severe vulnerability that must be addressed to avoid incorrect token swap rates and unintended financial discrepancies in the running contract.","1. **漏洞详情**：
   这个代码中的逻辑漏洞存在于使用 `inGivenOut` 函数计算 `amountIn` 的过程中。具体来说，该函数在计算给定 `amountOut` 所需的 `tokenIn` 的数量时使用了不正确的算术运算来计算 `division` 和随后的 `factor`。这导致错误地计算了 `amountIn`，可能导致合约要求用户支付太多或太少的 `tokenIn`，相比于实际市场率，可能对用户或合约造成经济损失。

2. **逐步利用过程**：
   a. 假设 `tokenIn` 的 `balanceIn` 和 `tokenOut` 的 `balanceOut` 都很大，为了简化计算，我们假设都是1000单位。
   b. 用户启动交换，意图接收100单位的 `tokenOut`。函数首先因为手续费将其减少2%至98单位。
   c. 接着执行 `inGivenOut` 的计算以确定 `amountIn`：
      - 计算 `division` 为 `balanceOut / (balanceOut - amountOut)`。代入数字，得到 `1000 / (1000 - 98) = 1000 / 902 ≈ 1.10864`。
      - `factor` 应当计算为 `division - 1`，但错误地执行为 `(1 - division)`，导致算术符号错误，结果为 `-0.10864` 而不是期望的正“收益”。
   d. 当计算 `amountIn` 为 `balanceIn * factor` 时，由于错误结果可能产生负值或零值（通过使用安全数学可能会导致回退），这是不正确的。试图利用此错误的参与者可能会提供错误的值来进一步强调这一计算错误，潜在地造成逻辑错误或意外的转账。
     
3. **结果影响**：
   如果计算错误没有因为安全数学导致的零值或负值而回退的话，合约可能会：
   - 向用户收取超过市场率的 `tokenIn`。
   - 或危险地少收，可能无法覆盖正在发送的 `tokenOut` 的成本，导致合约流动性损失。

鉴于设计逻辑缺陷严重影响金融计算，这是一个需要解决的严重漏洞，以避免错误的代币交换率和在合约运行中的非预期财务差异。","","The analysis of the vulnerability shows that the issue stems purely from the internal logic and arithmetic calculations within the given `swapInGivenOut` function and the `inGivenOut` internal function. The issue originates from the incorrect division and factor calculations which ultimately determine the `amountIn` within the scope of the provided function.

There is no mention or dependency on external calls to other contracts outside of the implicit ones for token balances and transfers (`balanceOf`, `transfer`, `transferFrom` on IERC20). These operations do interact with the token contracts (assumed to be standard IERC20) but do not depend on their internal logic beyond standard ERC20 functionalities. The problem doesn't depend on the state or code of other contracts within the project beyond what is already provided or known (i.e., the token contracts and their balances).

Therefore, the establishment of the vulnerability is contained within the logic of the provided function itself and does not depend on other unknown or external contract states or logic. The calculations and logic flaws are self-contained.

```json
{
  ""result"": ""dont need In-project other contract""
}
```","{

    IERC20 token0;
    IERC20 token1;

    // LP balance
    mapping(address => uint) balances0;
    mapping(address => uint) balances1;

    constructor(address t0, address t1){
        token0 = IERC20(t0);
        token1 = IERC20(t1);
    }

    // ******** USERS SWAP ******** //

    function inGivenOut(
        uint256 balanceIn,
        uint256 balanceOut,
        uint256 amountOut
    ) internal pure returns (uint256) {
        /**********************************************************************************
        // Derived from Balancer                                                         //
        // aO = amountOut                                                                //
        // bO = balanceOut                                                               //
        // bI = balanceIn              /  /            bO             \        \         //
        // aI = amountIn    aI = bI * |  | --------------------------  |   - 1  |        //
        //                             \  \       ( bO - aO )         /        /         //
        //                                                                               //
        **********************************************************************************/

        // We split the operations in three steps for readeability
        // Division, minus one, and multiplication

        //      /            bO             \                     //
        //     | --------------------------  |                    //
        //      \       ( bO - aO )         /                     //
        uint division = balanceOut / (balanceOut - amountOut);

        //  1 - [...]
        uint256 factor = division - ONE;

        // aI = bI * [...]
        return mul(balanceIn,  factor);
    }

    // Swap the asset
    function swapInGivenOut(bool isToken0, uint amountOut) public invariantCheck(){
        IERC20 tokenIn = isToken0?token0:token1;
        IERC20 tokenOut = isToken0?token1:token0;

        uint balanceIn = tokenIn.balanceOf(address(this));
        uint balanceOut = tokenOut.balanceOf(address(this));

        // We take 2% fee
        amountOut = amountOut * 98 / 100;
        uint amountIn = inGivenOut(balanceIn, balanceOut, amountOut);

        tokenOut.transfer(msg.sender, amountOut);
        tokenIn.transferFrom(msg.sender, address(this), amountIn);
    }

    // Ensure that the k = xy invariant hold
    // This will be disabled for production to save gas
    modifier invariantCheck(){
        uint balanceInBefore = token0.balanceOf(address(this));
        uint balanceOutBefore = token1.balanceOf(address(this));

        uint k_before = balanceInBefore * balanceOutBefore;

        _;

        uint balanceInAfter = token0.balanceOf(address(this));
        uint balanceOutAfter = token1.balanceOf(address(this));

        require(k_before == balanceInAfter * balanceOutAfter);
    }

    // ******** LIQUIDITY PROVIDERS ******** //

    // User can deposit their token0
    function deposit(uint amount) external nonReentrant {
        token0.transferFrom(msg.sender, address(this), amount);
        balances0[msg.sender] += amount;
    }

    // User can withdraw their token0 and token1
    // We follow the check effect interaction pattern
    function withdraw(uint amount0, uint amount1) external {
        balances0[msg.sender] -= amount0;
        balances1[msg.sender] -= amount1;
        token0.transfer(msg.sender, amount0);
        token1.transfer(msg.sender, amount1);
    }

    // User can withdraw all their token0 and token1
    // nonReentrant to protect from reentrancies
    function withdrawAll() external nonReentrant {
        token0.transfer(msg.sender, balances0[msg.sender]);
        token1.transfer(msg.sender, balances1[msg.sender]);
        balances0[msg.sender] = 0;
        balances1[msg.sender] = 0;
    }
}","","","",64,77,./src/dataset/agent-v1-c4/tob/Tob.sol,/Users/xuxiangy/Desktop/trickPrompt-engine/src/dataset/agent-v1-c4/tob/Tob.sol,"","","function swapInGivenOut(bool isToken0, uint amountOut) public invariantCheck(){
        IERC20 tokenIn = isToken0?token0:token1;
        IERC20 tokenOut = isToken0?token1:token0;

        uint balanceIn = tokenIn.balanceOf(address(this));
        uint balanceOut = tokenOut.balanceOf(address(this));

        // We take 2% fee
        amountOut = amountOut * 98 / 100;
        uint amountIn = inGivenOut(balanceIn, balanceOut, amountOut);

        tokenOut.transfer(msg.sender, amountOut);
        tokenIn.transferFrom(msg.sender, address(this), amountIn);
    }
function inGivenOut(
        uint256 balanceIn,
        uint256 balanceOut,
        uint256 amountOut
    ) internal pure returns (uint256) {
        /**********************************************************************************
        // Derived from Balancer                                                         //
        // aO = amountOut                                                                //
        // bO = balanceOut                                                               //
        // bI = balanceIn              /  /            bO             \        \         //
        // aI = amountIn    aI = bI * |  | --------------------------  |   - 1  |        //
        //                             \  \       ( bO - aO )         /        /         //
        //                                                                               //
        **********************************************************************************/

        // We split the operations in three steps for readeability
        // Division, minus one, and multiplication

        //      /            bO             \                     //
        //     | --------------------------  |                    //
        //      \       ( bO - aO )         /                     //
        uint division = balanceOut / (balanceOut - amountOut);

        //  1 - [...]
        uint256 factor = division - ONE;

        // aI = bI * [...]
        return mul(balanceIn,  factor);
    }","{""(64,77)"",""(33,61)""}","function mul(uint256 a, uint256 b) internal pure returns (uint256) {
        uint256 product = a * b;
        return product / ONE;
    }",1
98423,a43eb4a9fc550c606afdf6048b312779,tob,MyPool.withdrawAll,"function withdrawAll() external nonReentrant {
        token0.transfer(msg.sender, balances0[msg.sender]);
        token1.transfer(msg.sender, balances1[msg.sender]);
        balances0[msg.sender] = 0;
        balances1[msg.sender] = 0;
    }",0.2251683942663092,"","","","","{
    ""result"": ""no""
}
1. **Vulnerability Description:**
   The vulnerability lies in the order of the operations in the `withdrawAll` function. Specifically, the balances of the user (`balances0[msg.sender]` and `balances1[msg.sender]`) are set to zero only after the transfer calls. This creates a re-entrancy-like race condition, despite `nonReentrant` supposedly guarding against it. If the transfer function execution is delayed or failed (due to complex token logic or external factors within the token contract) but not reverting, it can potentially allow a user to call `withdrawAll` multiple times.

2. **Step-by-step Exploitation:**
   - ""_Alice_"" calls `withdrawAll`, which triggers `token0.transfer` and `token1.transfer`.
   - Suppose `token1.transfer` has a delay in execution (internal to the contract logic or due to external dependencies in token1's code) and does not immediately update or revert.
   - While waiting for `token1.transfer` to complete, ""_Alice_"" quickly re-calls `withdrawAll` because the balances still remain updated in the state until transfer completion.
   - The call to `token0.transfer(msg.sender, balances0[msg.sender])` and `token1.transfer(msg.sender, balances1[msg.sender])` execute again, potentially transferring additional amounts beyond the actual balance if the first transfer call didn’t clear them yet.
   - Once the initial delayed transfer calls finally execute, they attempt to transfer once more or fail, but the balances have now been potentially unjustly increased through the previously repeated calls.
   - This rushes the second set of transfers to complete before the state update (setting balances to zero), enabling the extraction of more tokens than were initially held.

3. **Mitigation Strategy:**
   To mitigate this issue, the function should enforce that state updates happen before external calls. The balances should be updated to zero before attempting the transfers. Therefore, should there be any delay or re-entrancy attempt, the token balances won't be available for further extraction:
   ```solidity
    function withdrawAll() external nonReentrant {
        uint256 amount0 = balances0[msg.sender];
        uint256 amount1 = balances1[msg.sender];
        balances0[msg.sender] = 0;
        balances1[msg.sender] = 0;
        token0.transfer(msg.sender, amount0);
        token1.transfer(msg.sender, amount1);
    }
   ```
   Moving the balance updates prior to the transfer calls ensures that even if there is a delay in token transfers, re-entrant calls won’t be able to extract more than originally permitted.","这个漏洞存在于 `withdrawAll` 函数的操作顺序中。具体来说，用户的余额 (`balances0[msg.sender]` 和 `balances1[msg.sender]`) 是在 token 转账调用之后才被设置为零的。这种设计创建了一个类似于重入的竞争条件，尽管存在 `nonReentrant` 这样的保护措施。

如果在 `token0.transfer` 和 `token1.transfer` 执行过程中存在延迟或失败（由于代币合约中的复杂逻辑或外部因素），但没有触发还原，这可能会允许用户多次调用 `withdrawAll` 方法。

步骤如下：
1. 用户 ""Alice"" 调用 `withdrawAll`，触发 `token0.transfer` 和 `token1.transfer`。
2. 假设 `token1.transfer` 在执行过程中有延迟（由代币合约的内部逻辑或外部依赖因素导致），并没有立即更新或撤回。
3. 在等待 `token1.transfer` 完成期间，Alice 因为余额尚未更新，故可以快速重新调用 `withdrawAll`。
4. 这样，`token0.transfer(msg.sender, balances0[msg.sender])` 和 `token1.transfer(msg.sender, balances1[msg.sender])` 可能会再次执行，如果首次转账调用未能清除余额，则可能会转移比实际余额更多的金额。
5. 一旦最初延迟的转账调用最终执行，他们尝试再次转账或失败，但此时通过之前重复调用可能不正当增加的余额已产生了问题。
6. 这导致在状态更新（余额清零）之前，第二轮转账可能已完成，使得可以提取更多的代币。

缓解策略：
在这个函数中，应该确保在外部调用之前先更新状态。在尝试转账之前，应该先将余额设置为零。因此，即使在代币转账中存在延迟或尝试重入，重复调用也无法提取超出原始权限的代币余额。这通过将余额更新移到转账调用前来确保，即使有转账延迟，重入调用也无法提取更多余额。","","The establishment of the vulnerability described primarily depends on the behavior of the `token0.transfer` and `token1.transfer` functions. These functions are typically external calls to other contracts (likely ERC-20 token contracts). If these contracts have complex internal logic, delays, failures without reverts, or other unexpected behaviors, they can significantly impact how the `withdrawAll` function operates, potentially exacerbating the re-entrancy-like issue. 

Thus, the existence and exploitation of the vulnerability hinge on the behavior of these external token transfer functions, which are often part of separate token contracts not provided in the initial code snippet. Therefore, understanding or predicting this vulnerability's real-world impact requires knowledge about the implementation details of these external token contracts.

The JSON result is then:
```json
{'result':'need In-project other contract'}
```","{

    IERC20 token0;
    IERC20 token1;

    // LP balance
    mapping(address => uint) balances0;
    mapping(address => uint) balances1;

    constructor(address t0, address t1){
        token0 = IERC20(t0);
        token1 = IERC20(t1);
    }

    // ******** USERS SWAP ******** //

    function inGivenOut(
        uint256 balanceIn,
        uint256 balanceOut,
        uint256 amountOut
    ) internal pure returns (uint256) {
        /**********************************************************************************
        // Derived from Balancer                                                         //
        // aO = amountOut                                                                //
        // bO = balanceOut                                                               //
        // bI = balanceIn              /  /            bO             \        \         //
        // aI = amountIn    aI = bI * |  | --------------------------  |   - 1  |        //
        //                             \  \       ( bO - aO )         /        /         //
        //                                                                               //
        **********************************************************************************/

        // We split the operations in three steps for readeability
        // Division, minus one, and multiplication

        //      /            bO             \                     //
        //     | --------------------------  |                    //
        //      \       ( bO - aO )         /                     //
        uint division = balanceOut / (balanceOut - amountOut);

        //  1 - [...]
        uint256 factor = division - ONE;

        // aI = bI * [...]
        return mul(balanceIn,  factor);
    }

    // Swap the asset
    function swapInGivenOut(bool isToken0, uint amountOut) public invariantCheck(){
        IERC20 tokenIn = isToken0?token0:token1;
        IERC20 tokenOut = isToken0?token1:token0;

        uint balanceIn = tokenIn.balanceOf(address(this));
        uint balanceOut = tokenOut.balanceOf(address(this));

        // We take 2% fee
        amountOut = amountOut * 98 / 100;
        uint amountIn = inGivenOut(balanceIn, balanceOut, amountOut);

        tokenOut.transfer(msg.sender, amountOut);
        tokenIn.transferFrom(msg.sender, address(this), amountIn);
    }

    // Ensure that the k = xy invariant hold
    // This will be disabled for production to save gas
    modifier invariantCheck(){
        uint balanceInBefore = token0.balanceOf(address(this));
        uint balanceOutBefore = token1.balanceOf(address(this));

        uint k_before = balanceInBefore * balanceOutBefore;

        _;

        uint balanceInAfter = token0.balanceOf(address(this));
        uint balanceOutAfter = token1.balanceOf(address(this));

        require(k_before == balanceInAfter * balanceOutAfter);
    }

    // ******** LIQUIDITY PROVIDERS ******** //

    // User can deposit their token0
    function deposit(uint amount) external nonReentrant {
        token0.transferFrom(msg.sender, address(this), amount);
        balances0[msg.sender] += amount;
    }

    // User can withdraw their token0 and token1
    // We follow the check effect interaction pattern
    function withdraw(uint amount0, uint amount1) external {
        balances0[msg.sender] -= amount0;
        balances1[msg.sender] -= amount1;
        token0.transfer(msg.sender, amount0);
        token1.transfer(msg.sender, amount1);
    }

    // User can withdraw all their token0 and token1
    // nonReentrant to protect from reentrancies
    function withdrawAll() external nonReentrant {
        token0.transfer(msg.sender, balances0[msg.sender]);
        token1.transfer(msg.sender, balances1[msg.sender]);
        balances0[msg.sender] = 0;
        balances1[msg.sender] = 0;
    }
}","","","",114,119,./src/dataset/agent-v1-c4/tob/Tob.sol,/Users/xuxiangy/Desktop/trickPrompt-engine/src/dataset/agent-v1-c4/tob/Tob.sol,"","","function withdrawAll() external nonReentrant {
        token0.transfer(msg.sender, balances0[msg.sender]);
        token1.transfer(msg.sender, balances1[msg.sender]);
        balances0[msg.sender] = 0;
        balances1[msg.sender] = 0;
    }","{""(114,119)""}","",1
98403,68f3191199f2e2b0e6a4307aa22bc345,tob,MyPool.deposit,"function deposit(uint amount) external nonReentrant {
        token0.transferFrom(msg.sender, address(this), amount);
        balances0[msg.sender] += amount;
    }",0.37489816036064616,"","","","","Analyzing the `swapInGivenOut` function step by step:

1. **Definition of tokens:** Depending on the `isToken0` boolean, `tokenIn` is defined as either `token0` or `token1` and respectively for `tokenOut`.

2. **Reading Balances:** `balanceIn` and `balanceOut` are fetched from the smart contract itself, specifically, how much of `tokenIn` and `tokenOut` the contract holds at that moment.

3. **Adjustment for Fee:** The `amountOut` is adjusted by reducing it by 2% to account for fees. Hence the actual `amountOut` returned will be 98% of the requested amount.

4. **Calculation of amountIn:** The function `inGivenOut` is employed (which is not shown in the provided code) to decide how much of `tokenIn` needs to be given by the user to receive the `amountOut` of `tokenOut`. The calculation is based on existing balances and the reduced `amountOut`.

5. **Token Transfer Operations:**
    - `tokenOut.transfer(msg.sender, amountOut)`: This line sends the adjusted `amountOut` of `tokenOut` from the contract to the `msg.sender`.
    - `tokenIn.transferFrom(msg.sender, address(this), amountIn)`: This line requests the calculated `amountIn` of `tokenIn` from the `msg.sender` to the contract.

6. **No Explicit Final Balance Validation:** While transfers are made based on calculated amounts, there is no explicit check after the `tokenIn.transferFrom` to ensure that correct or expected amounts have been transferred or to validate tokens' final state balances against any sort of ledger or expected values.

Given this procedural step analysis, the vulnerability discussed largely hinges on the accuracy and security of the `inGivenOut` function. If this function is manipulated or contains errors, the balance and value exchanged can be disproportionate, creating opportunities for exploitation.

Since the provided description doesn't include implementation for the `inGivenOut` function, it's necessary to assume that its behaviour is correct unless indicated otherwise. However, the lack of a final balance validation check may not present immediate exploitable vulnerabilities if the `inGivenOut` function is reliable, but it indeed poses a risk for potential imbalances if there's any flaw or oversight within that function or other interacting components.

Conclusion:
```json
{""result"": ""low possibility""}
```
Vulnerability: In the `swapInGivenOut` function, there's no balance check done after the `transferFrom` operation (`tokenIn.transferFrom(msg.sender, address(this), amountIn)`). This can lead to a situation where more tokens are transferred to the `msg.sender` than what was taken from them if the `amountIn` calculation is erroneous or based on incorrect assumptions.

Step-by-step Exploitation:

1. **Identify tokens:** Let's say token0 and token1 represent two tokens, A and B respectively, swapped within this smart contract, where A is more valuable.

2. **Initial Setup:** Assume an attacker has a small amount of token A and a considerably high amount of token B. The smart contract also has a reasonable reserves of A and B.

3. **Execution of Swap:** Attacker calls `swapInGivenOut(true, amountOut)`, where `amountOut` is a relatively large amount of token B they want to receive. 

4. **The Logical miscalculation:** The function calculates `amountIn` needed for the provided `amountOut` based on the reserve ratios. Importantly, as there's no actual final balance check before the tokens are swapped, the function doesn't ensure actual deduction compared to reserve or balance proportions. Assume for intentionally erroneous ratio calculations, `amountIn` calculated as being very low (either through contract's faulty logic or deliberately poor implementation of `inGivenOut` function).

5. **Effect of Flawed `transferFrom` Usage:** Since `amountIn` is smaller than what should genuinely be required for such an amountOut of token B, the contract would erroneously accept a smaller `amountIn` from the attacker’s token A balance. Consequently, it would end up transferring a much larger `amountOut` in terms of token B value to the attacker without duly taking a comparable amount of token A. This leads to a situation where the value given out (token B) is disproportionately higher than value taken in (token A). 

6. **Repeated Exploession:** The attacker can repeat this operation multiple times to drastically decrease smart contract's holdings of token B in favor of increasing their own, thus draining the smart contract's reserves of token B at a much lower cost than fair.

The vulnerability stems from the inappropriate checks in the swap logic that don’t validate the final post-swap balances effectively, allowing someone to manipulate input-output calculations to their advantage. This logical error causes potential drastic imbalances in token holdings, rendering the smart contract flawed and putting all users' stake at risk.","在这个给定的 `swapInGivenOut` 函数中，存在的安全风险主要与处理代币转账和计算的逻辑有关。具体来说，主要漏洞点如下：

1. **没有最终余额检查：** 在代币交换的操作中，虽然按照计算结果进行了代币的输入和输出，但函数在执行完 `transferFrom` 操作（即 `tokenIn.transferFrom(msg.sender, address(this), amountIn)`）之后，并没有进行最终的余额核查或验证。这就意味着，如果输入的 `amountIn`（即用户需要支付的代币数量）的计算出现错误或基于不正确的假设，就可能导致用户支付的代币与实际应支付的代币数量不匹配。

2. **潜在的漏洞利用方式：**
   - 假设一个攻击者控制了一小部分价值较高的代币 A 和大量价值较低的代币 B。
   - 攻击者通过调用 `swapInGivenOut(true, amountOut)`，请求换取大量的代币 B。这里的 `amountOut` 是攻击者希望接收的代币 B 的数量。
   - 如果函数内部计算 `amountIn`（应付的代币 A 的数量）时出现逻辑错误（比如错误的保留比率计算），可能导致计算出的 `amountIn` 远低于公平的换取量。
   - 由于合约没有在交换后进行最终的余额检验证，攻击者可能只付出很少的代币 A 就换取了大量的代币 B，造成不公平的交换，从而低成本地从智能合约中提取大量的代币 B。

3. **重复执行漏洞：** 攻击者可以多次执行这种操作，通过不断用少量的代币 A 换取大量的代币 B，逐渐消耗掉合约中的代币 B 资源，而这种操作代价远低于其价值。

总结来说，这个漏洞的核心在于智能合约在处理代币交换时，没有有效地检查和核实最终的余额，可能导致因为计算错误而让用户以非常低的成本获取不成比例的高价值代币，从而造成合约资源的流失。这种漏洞如果不被及时发现和修复，会给合约的所有用户带来潜在的风险和损失。","","The establishment of the vulnerability described does not fundamentally depend on the code of other unknown or unprovided contracts within the project, nor does it essentially hinge on external calls or states outside of the provided code snippet. The vulnerability arises due to the internal logic and arithmetic calculations for `amountIn` and balance checks (or the lack thereof) within the `swapInGivenOut` function itself, affecting how the native `transfer` and `transferFrom` operations of the ERC20 tokens are managed. The flaw is grounded in the contracts and operations explicitly laid out in the code provided. Therefore:

{'result':'dont need In-project other contract'}","{

    IERC20 token0;
    IERC20 token1;

    // LP balance
    mapping(address => uint) balances0;
    mapping(address => uint) balances1;

    constructor(address t0, address t1){
        token0 = IERC20(t0);
        token1 = IERC20(t1);
    }

    // ******** USERS SWAP ******** //

    function inGivenOut(
        uint256 balanceIn,
        uint256 balanceOut,
        uint256 amountOut
    ) internal pure returns (uint256) {
        /**********************************************************************************
        // Derived from Balancer                                                         //
        // aO = amountOut                                                                //
        // bO = balanceOut                                                               //
        // bI = balanceIn              /  /            bO             \        \         //
        // aI = amountIn    aI = bI * |  | --------------------------  |   - 1  |        //
        //                             \  \       ( bO - aO )         /        /         //
        //                                                                               //
        **********************************************************************************/

        // We split the operations in three steps for readeability
        // Division, minus one, and multiplication

        //      /            bO             \                     //
        //     | --------------------------  |                    //
        //      \       ( bO - aO )         /                     //
        uint division = balanceOut / (balanceOut - amountOut);

        //  1 - [...]
        uint256 factor = division - ONE;

        // aI = bI * [...]
        return mul(balanceIn,  factor);
    }

    // Swap the asset
    function swapInGivenOut(bool isToken0, uint amountOut) public invariantCheck(){
        IERC20 tokenIn = isToken0?token0:token1;
        IERC20 tokenOut = isToken0?token1:token0;

        uint balanceIn = tokenIn.balanceOf(address(this));
        uint balanceOut = tokenOut.balanceOf(address(this));

        // We take 2% fee
        amountOut = amountOut * 98 / 100;
        uint amountIn = inGivenOut(balanceIn, balanceOut, amountOut);

        tokenOut.transfer(msg.sender, amountOut);
        tokenIn.transferFrom(msg.sender, address(this), amountIn);
    }

    // Ensure that the k = xy invariant hold
    // This will be disabled for production to save gas
    modifier invariantCheck(){
        uint balanceInBefore = token0.balanceOf(address(this));
        uint balanceOutBefore = token1.balanceOf(address(this));

        uint k_before = balanceInBefore * balanceOutBefore;

        _;

        uint balanceInAfter = token0.balanceOf(address(this));
        uint balanceOutAfter = token1.balanceOf(address(this));

        require(k_before == balanceInAfter * balanceOutAfter);
    }

    // ******** LIQUIDITY PROVIDERS ******** //

    // User can deposit their token0
    function deposit(uint amount) external nonReentrant {
        token0.transferFrom(msg.sender, address(this), amount);
        balances0[msg.sender] += amount;
    }

    // User can withdraw their token0 and token1
    // We follow the check effect interaction pattern
    function withdraw(uint amount0, uint amount1) external {
        balances0[msg.sender] -= amount0;
        balances1[msg.sender] -= amount1;
        token0.transfer(msg.sender, amount0);
        token1.transfer(msg.sender, amount1);
    }

    // User can withdraw all their token0 and token1
    // nonReentrant to protect from reentrancies
    function withdrawAll() external nonReentrant {
        token0.transfer(msg.sender, balances0[msg.sender]);
        token1.transfer(msg.sender, balances1[msg.sender]);
        balances0[msg.sender] = 0;
        balances1[msg.sender] = 0;
    }
}","","","",98,101,./src/dataset/agent-v1-c4/tob/Tob.sol,/Users/xuxiangy/Desktop/trickPrompt-engine/src/dataset/agent-v1-c4/tob/Tob.sol,"","","function swapInGivenOut(bool isToken0, uint amountOut) public invariantCheck(){
        IERC20 tokenIn = isToken0?token0:token1;
        IERC20 tokenOut = isToken0?token1:token0;

        uint balanceIn = tokenIn.balanceOf(address(this));
        uint balanceOut = tokenOut.balanceOf(address(this));

        // We take 2% fee
        amountOut = amountOut * 98 / 100;
        uint amountIn = inGivenOut(balanceIn, balanceOut, amountOut);

        tokenOut.transfer(msg.sender, amountOut);
        tokenIn.transferFrom(msg.sender, address(this), amountIn);
    }
function withdraw(uint amount0, uint amount1) external {
        balances0[msg.sender] -= amount0;
        balances1[msg.sender] -= amount1;
        token0.transfer(msg.sender, amount0);
        token1.transfer(msg.sender, amount1);
    }
function deposit(uint amount) external nonReentrant {
        token0.transferFrom(msg.sender, address(this), amount);
        balances0[msg.sender] += amount;
    }","{""(64,77)"",""(105,110)"",""(98,101)""}","",1
98424,3c2a1ccd30c6371c739ed0cf7b514200,tob,MyPool.withdrawAll,"function withdrawAll() external nonReentrant {
        token0.transfer(msg.sender, balances0[msg.sender]);
        token1.transfer(msg.sender, balances1[msg.sender]);
        balances0[msg.sender] = 0;
        balances1[msg.sender] = 0;
    }",0.7594584846494641,"","","","","```json
{
    ""result"": ""yes""
}
```
The exploitable vulnerability in this provided code lies in the order of operations for transferring tokens and then setting the balance to zero. This is a classical example of a reentrancy vulnerability despite the presence of a `nonReentrant` modifier, which should prevent reentrancy but in practice may not cover all interfaces or methods of reentrancy attacks depending on implementation.

### Vulnerability Detail:
The `withdrawAll()` function transfers tokens before setting the sender's balance to zero. If the token transfer function, `token0.transfer` or `token1.transfer`, can trigger a callback (either directly or indirectly involving a fallback function that calls back into this contract), it could lead to a scenario where `withdrawAll()` could be called again before the balances are set to zero. This would allow the caller to withdraw their tokens multiple times, which is a reentrancy attack.

### Steps to Exploit:
1. Deploy a malicious contract that will interact with this vulnerable contract.
2. Fund the malicious contract with some amount of `token0` and `token1` to set up the initial state.
3. From the malicious contract, call `withdrawAll()` on the vulnerable contract.
4. In the `token0` or `token1` transfer callback triggered during step 3 within the malicious contract, again call the `withdrawAll()` function on the vulnerable contract.
5. The repeat invocation will succeed in transferring additional tokens as the balance reset to zero happens only after the token transfer calls.  
6. This can be done repeatedly in a single transaction if the token contract allows, draining the token balance effectively multiple times in what was supposed to be a single withdrawal operation.

### Conclusion:
The issue is critical as it directly leads to token theft in multiples of the user's actual balance. A proper fix would be to first set the balances to zero before proceeding with any external calls, which in this case are the token transfer calls. This change ensures that, even if reentrant calls occur, they will not find any balance to withdraw, hence effectively mitigating the reentrancy threat:

```solidity
function withdrawAll() external nonReentrant {
    uint256 amount0 = balances0[msg.sender];
    uint256 amount1 = balances1[msg.sender];
    
    balances0[msg.sender] = 0;
    balances1[msg.sender] = 0;
    
    token0.transfer(msg.sender, amount0);
    token1.transfer(msg.sender, amount1);
}
```
With this revised approach, token balances are securely set to zero prior to invoking any external calls that could potentially be exploited for reentrancy. This modification adheres strictly to the checks-effects-interactions pattern commonly recommended for preventing such vulnerabilities in smart contracts.","在上面提供的代码中，存在的漏洞是“提取所有”功能在转移代币之前未能将发送者的余额设置为零。这是一个典型的重入攻击漏洞，尽管存在一个名为 `nonReentrant` 的修饰符，理论上应该避免重入，但实际上这方面可能由于实现的问题，并不总是涵盖所有接口或重入攻击的方法。

### 漏洞详细描述：
函数 `withdrawAll()` 在将代币转移给调用者之前，没有先将调用者的余额设为零。如果在代币转移过程中调用的 `token0.transfer` 或 `token1.transfer` 触发一个回调 (例如触发一个回调函数，该函数可能直接或间接地调用回这个合约)，就可能导致在余额设为零之前，`withdrawAll()` 能被再次调用。这将允许调用者多次提取他们的代币，从而实施重入攻击。

### 开始利用步骤：
1. 部署一个恶意合约，该合约将与这个存在漏洞的合约进行交互。
2. 向恶意合约提供一些 `token0` 和 `token1` 的初始金额以进行设置。
3. 通过恶意合约调用存在漏洞的合约上的 `withdrawAll()`。
4. 在第3步触发的 `token0` 或 `token1` 转账回调期间，恶意合约再次调用存在漏洞的合约上的 `withdrawAll()`。
5. 重复调用将成功转移额外的代币，因为余额重置为零只在代币转移调用之后发生。
6. 如果代币合约允许，这可以在单个交易中多次完成，有效地在本应是单次提款操作中多次进行代币余额抽取。

### 结论：
这个问题是关键的，因为它直接导致用户实际余额的多倍的代币被盗。一个合适的修复方法是在进行任何可能被利用的外部调用（本例中是代币转移调用）之前，先将余额设为零。这种变更确保了，即使发生重入调用，它们也不会找到任何余额可供提取，从而有效地缓解了重入威胁。","","The establishment of the reentrancy vulnerability in the `withdrawAll()` function does not depend on the code of other unknown or unprovided contracts within the project specifically. The core of the reentrancy issue lies in the external calls `token0.transfer` and `token1.transfer`. The vulnerability emerges from the behavior of these token transfer calls, particularly if they allow for callbacks or reentrant calls, which is a characteristic of the token contracts themselves rather than other contracts in the same project. Thus, the possibility of exploiting the vulnerability is governed by the implementation and behavior of these token transfer functions rather than needing additional or specific contracts from within the same project.

```json
{'result':'dont need In-project other contract'}
```","{

    IERC20 token0;
    IERC20 token1;

    // LP balance
    mapping(address => uint) balances0;
    mapping(address => uint) balances1;

    constructor(address t0, address t1){
        token0 = IERC20(t0);
        token1 = IERC20(t1);
    }

    // ******** USERS SWAP ******** //

    function inGivenOut(
        uint256 balanceIn,
        uint256 balanceOut,
        uint256 amountOut
    ) internal pure returns (uint256) {
        /**********************************************************************************
        // Derived from Balancer                                                         //
        // aO = amountOut                                                                //
        // bO = balanceOut                                                               //
        // bI = balanceIn              /  /            bO             \        \         //
        // aI = amountIn    aI = bI * |  | --------------------------  |   - 1  |        //
        //                             \  \       ( bO - aO )         /        /         //
        //                                                                               //
        **********************************************************************************/

        // We split the operations in three steps for readeability
        // Division, minus one, and multiplication

        //      /            bO             \                     //
        //     | --------------------------  |                    //
        //      \       ( bO - aO )         /                     //
        uint division = balanceOut / (balanceOut - amountOut);

        //  1 - [...]
        uint256 factor = division - ONE;

        // aI = bI * [...]
        return mul(balanceIn,  factor);
    }

    // Swap the asset
    function swapInGivenOut(bool isToken0, uint amountOut) public invariantCheck(){
        IERC20 tokenIn = isToken0?token0:token1;
        IERC20 tokenOut = isToken0?token1:token0;

        uint balanceIn = tokenIn.balanceOf(address(this));
        uint balanceOut = tokenOut.balanceOf(address(this));

        // We take 2% fee
        amountOut = amountOut * 98 / 100;
        uint amountIn = inGivenOut(balanceIn, balanceOut, amountOut);

        tokenOut.transfer(msg.sender, amountOut);
        tokenIn.transferFrom(msg.sender, address(this), amountIn);
    }

    // Ensure that the k = xy invariant hold
    // This will be disabled for production to save gas
    modifier invariantCheck(){
        uint balanceInBefore = token0.balanceOf(address(this));
        uint balanceOutBefore = token1.balanceOf(address(this));

        uint k_before = balanceInBefore * balanceOutBefore;

        _;

        uint balanceInAfter = token0.balanceOf(address(this));
        uint balanceOutAfter = token1.balanceOf(address(this));

        require(k_before == balanceInAfter * balanceOutAfter);
    }

    // ******** LIQUIDITY PROVIDERS ******** //

    // User can deposit their token0
    function deposit(uint amount) external nonReentrant {
        token0.transferFrom(msg.sender, address(this), amount);
        balances0[msg.sender] += amount;
    }

    // User can withdraw their token0 and token1
    // We follow the check effect interaction pattern
    function withdraw(uint amount0, uint amount1) external {
        balances0[msg.sender] -= amount0;
        balances1[msg.sender] -= amount1;
        token0.transfer(msg.sender, amount0);
        token1.transfer(msg.sender, amount1);
    }

    // User can withdraw all their token0 and token1
    // nonReentrant to protect from reentrancies
    function withdrawAll() external nonReentrant {
        token0.transfer(msg.sender, balances0[msg.sender]);
        token1.transfer(msg.sender, balances1[msg.sender]);
        balances0[msg.sender] = 0;
        balances1[msg.sender] = 0;
    }
}","","","",114,119,./src/dataset/agent-v1-c4/tob/Tob.sol,/Users/xuxiangy/Desktop/trickPrompt-engine/src/dataset/agent-v1-c4/tob/Tob.sol,"","","function withdrawAll() external nonReentrant {
        token0.transfer(msg.sender, balances0[msg.sender]);
        token1.transfer(msg.sender, balances1[msg.sender]);
        balances0[msg.sender] = 0;
        balances1[msg.sender] = 0;
    }","{""(114,119)""}","",1
98415,b2c8e2b9e688c89a5daada0a09d33dd8,tob,MyPool.withdraw,"function withdraw(uint amount0, uint amount1) external {
        balances0[msg.sender] -= amount0;
        balances1[msg.sender] -= amount1;
        token0.transfer(msg.sender, amount0);
        token1.transfer(msg.sender, amount1);
    }",0.7119682659388773,"","","","","{
    ""result"": ""high possibility""
}
1. **Vulnerability Description**: 
   The vulnerability in the provided code snippet is rooted in the lack of validation checks before performing balance deductions and token transfers in the `withdraw` function. There is no explicit check to ensure that `msg.sender` actually has enough tokens (`amount0` and `amount1`) in their respective balance (`balances0` and `balances1`). This oversight allows a user (attacker) to potentially withdraw more tokens than they have deposited, leading to an underflow in the balance variables.

2. **Step-by-step Exploitation**:
   - **Preparation**: Suppose a user (attacker) has a balance of 100 units of `token0` (`balances0[msg.sender] = 100`) and 100 units of `token1` (`balances1[msg.sender] = 100`).
   - **Exploit Execution**: The attacker decides to withdraw 150 units of `token0` and 150 units of `token1`. They call `withdraw(150, 150)`.
   - **Lack of Balance Check**: The code does not check if `msg.sender` has enough balance to cover the withdrawal of 150 units for both tokens.
   - **Balance Underflow**: The balances would underflow where balances usually would be reduced to a very large number due to how Solidity handles underflows under default settings; however, with SafeMath in use, this might revert due to arithmetic operation failure. If the environment scenario is such that SafeMath library's revert call could be avoided or if it wasn’t used properly, underflow would be possible.
   - **Illegal Transfer Occurs**: The token transfer methods, `token0.transfer(msg.sender, amount0)` and `token1.transfer(msg.sender, amount1)`, would still execute, potentially transferring 150 units each of token0 and token1 to the attacker’s address.
   
3. **Code Correction**:
   To correct this vulnerability, introduce balance checks before allowing the withdrawal operations. Implementing these checks ensures that the withdrawal amounts do not exceed the stored balances.

   Here is the recommended modification to the `withdraw` function:

   ```solidity
   function withdraw(uint amount0, uint amount1) external {
       require(balances0[msg.sender] >= amount0, ""Insufficient token0 balance"");
       require(balances1[msg.sender] >= amount1, ""Insufficient token1 balance"");

       balances0[msg.sender] -= amount0;
       balances1[msg.sender] -= amount1;

       token0.transfer(msg.sender, amount0);
       token1.transfer(msg.sender, amount1);
   }
   ```

This adjusted function first checks if `msg.sender` has the necessary token balances to proceed with the withdrawal requests. This check prevents any potential underflows and the illegitimate token transfers that could follow.","这个漏洞存在于函数 `withdraw` 中，因为在执行余额扣减和代币转移操作前没有进行有效的验证检查。具体来说，代码中没有明确检查调用者 (`msg.sender`) 是否真的拥有足够的代币数量 (`amount0` 和 `amount1`) 来支持他们的提现请求。这个漏洞允许用户（攻击者）可能提取超过他们所存入的代币数量，导致在余额变量中出现下溢（underflow）。

简单来说，如果用户（攻击者）的账户余额没有足够覆盖其欲提取的代币数量，正常逻辑应该是操作失败。然而，因为缺乏适当的检查，攻击者可以请求提取超过其账户余额的代币数量，导致余额向负方向下溢，生成一个非常大的数值，或者在有安全运算库（如SafeMath）时引发重大错误反馈。这样的行为可以让攻击者非法获得大量代币，并严重危害系统的安全和资产的正当流转。

修正这个问题的方法是在允许提现操作之前引入余额检查。这些检查确保提款数额不超过储存的余额，防止任何可能的下溢和随之可能发生的不合法代币转移。","","The establishment of the vulnerability in the provided code snippet does not depend on the code of other unknown or unprovided contracts within the project, nor is the vulnerability affected by any external calls or contract states. The vulnerability is strictly associated with the internal state management and logic of the `withdraw` function itself, which fails to validate the balances before proceeding with the subtraction and transfer operations. Therefore, the correction of this vulnerability is localized within the given function and does not require interaction or dependencies on other contracts.

```json
{'result':'dont need In-project other contract'}
```","{

    IERC20 token0;
    IERC20 token1;

    // LP balance
    mapping(address => uint) balances0;
    mapping(address => uint) balances1;

    constructor(address t0, address t1){
        token0 = IERC20(t0);
        token1 = IERC20(t1);
    }

    // ******** USERS SWAP ******** //

    function inGivenOut(
        uint256 balanceIn,
        uint256 balanceOut,
        uint256 amountOut
    ) internal pure returns (uint256) {
        /**********************************************************************************
        // Derived from Balancer                                                         //
        // aO = amountOut                                                                //
        // bO = balanceOut                                                               //
        // bI = balanceIn              /  /            bO             \        \         //
        // aI = amountIn    aI = bI * |  | --------------------------  |   - 1  |        //
        //                             \  \       ( bO - aO )         /        /         //
        //                                                                               //
        **********************************************************************************/

        // We split the operations in three steps for readeability
        // Division, minus one, and multiplication

        //      /            bO             \                     //
        //     | --------------------------  |                    //
        //      \       ( bO - aO )         /                     //
        uint division = balanceOut / (balanceOut - amountOut);

        //  1 - [...]
        uint256 factor = division - ONE;

        // aI = bI * [...]
        return mul(balanceIn,  factor);
    }

    // Swap the asset
    function swapInGivenOut(bool isToken0, uint amountOut) public invariantCheck(){
        IERC20 tokenIn = isToken0?token0:token1;
        IERC20 tokenOut = isToken0?token1:token0;

        uint balanceIn = tokenIn.balanceOf(address(this));
        uint balanceOut = tokenOut.balanceOf(address(this));

        // We take 2% fee
        amountOut = amountOut * 98 / 100;
        uint amountIn = inGivenOut(balanceIn, balanceOut, amountOut);

        tokenOut.transfer(msg.sender, amountOut);
        tokenIn.transferFrom(msg.sender, address(this), amountIn);
    }

    // Ensure that the k = xy invariant hold
    // This will be disabled for production to save gas
    modifier invariantCheck(){
        uint balanceInBefore = token0.balanceOf(address(this));
        uint balanceOutBefore = token1.balanceOf(address(this));

        uint k_before = balanceInBefore * balanceOutBefore;

        _;

        uint balanceInAfter = token0.balanceOf(address(this));
        uint balanceOutAfter = token1.balanceOf(address(this));

        require(k_before == balanceInAfter * balanceOutAfter);
    }

    // ******** LIQUIDITY PROVIDERS ******** //

    // User can deposit their token0
    function deposit(uint amount) external nonReentrant {
        token0.transferFrom(msg.sender, address(this), amount);
        balances0[msg.sender] += amount;
    }

    // User can withdraw their token0 and token1
    // We follow the check effect interaction pattern
    function withdraw(uint amount0, uint amount1) external {
        balances0[msg.sender] -= amount0;
        balances1[msg.sender] -= amount1;
        token0.transfer(msg.sender, amount0);
        token1.transfer(msg.sender, amount1);
    }

    // User can withdraw all their token0 and token1
    // nonReentrant to protect from reentrancies
    function withdrawAll() external nonReentrant {
        token0.transfer(msg.sender, balances0[msg.sender]);
        token1.transfer(msg.sender, balances1[msg.sender]);
        balances0[msg.sender] = 0;
        balances1[msg.sender] = 0;
    }
}","","","",105,110,./src/dataset/agent-v1-c4/tob/Tob.sol,/Users/xuxiangy/Desktop/trickPrompt-engine/src/dataset/agent-v1-c4/tob/Tob.sol,"","","function withdraw(uint amount0, uint amount1) external {
        balances0[msg.sender] -= amount0;
        balances1[msg.sender] -= amount1;
        token0.transfer(msg.sender, amount0);
        token1.transfer(msg.sender, amount1);
    }","{""(105,110)""}","",1
98427,7788b114f88e4057393d74d1c26e98be,tob,MyPool.withdrawAll,"function withdrawAll() external nonReentrant {
        token0.transfer(msg.sender, balances0[msg.sender]);
        token1.transfer(msg.sender, balances1[msg.sender]);
        balances0[msg.sender] = 0;
        balances1[msg.sender] = 0;
    }",0.45038912379566387,"","","","","{
    ""result"": ""no""
}
### Vulnerability Description:

The vulnerability in the provided code lies in the order of operations during the withdrawal process. Currently, the code transfers the tokens (`token0` and `token1`) to the sender before setting the corresponding balances to zero. This creates a potential for reentrancy despite the presence of the `nonReentrant` modifier, if the modifier is not implemented correctly or fails for some reason.

### Step-by-Step Exploitation:

1. Assume the presence of a `fallback` or `receive` function in the contract of the `msg.sender` that is capable of making another call to `withdrawAll` when it receives tokens.
   
2. The user (attacker) ensures that there are balances in `balances0[msg.sender]` and `balances1[msg.sender]` from previous transactions or some setup actions.

3. The attacker triggers `withdrawAll`.

4. During the execution of `withdrawAll`, the smart contract first transfers the tokens of `token0` and `token1` to the attacker's address. `token0.transfer(msg.sender, balances0[msg.sender])` and `token1.transfer(msg.sender, balances1[msg.sender])` are executed.

5. If the `nonReentrant` modifier is not functioning correctly or there's a logical flaw in its implementation, the attacker's contract `fallback` or `receive` function is triggered by the token transfer and hence can make another call to `withdrawAll`.

6. Given that the attacker’s balances (`balances0[msg.sender]` and `balances1[msg.sender]`) have not yet been set to zero (this would only happen after the token transfers), the second invocation of `withdrawAll` would again transfer the same amount of tokens to the attacker, essentially duplicating the withdrawal.

7. This can be repeated until the balance updating line is finally executed, but by that time, the attacker could have withdrawn multiple times their initial balance.

### Conclusion:

To rectify this vulnerability, it is essential to update the user’s balance before transferring the tokens:

```solidity
balances0[msg.sender] = 0;
balances1[msg.sender] = 0;
token0.transfer(msg.sender, balances0[msg.sender]);
token1.transfer(msg.sender, balances1[msg.sender]);
```

This change ensures that if a reentrant call happens, it will find the balance as zero and not allow further withdrawals, effectively preventing the exploit.","这个漏洞存在于提供的智能合约代码中，其问题在于提款过程中操作的顺序。目前的代码在将相应的余额设置为零之前，先将代币（`token0` 和 `token1`）转移给发送者。这在`nonReentrant`修饰符没有正确实现或某种原因失败的情况下，会创建重入的潜在可能性。

### 详细的利用步骤：

1. 假设攻击者的合约中有一个能在接收到代币时调用其他函数的`fallback`或`receive`函数。

2. 攻击者确保他们从之前的交易或一些设置活动中在`balances0[msg.sender]`和`balances1[msg.sender]`中有余额。

3. 攻击者触发`withdrawAll`函数。

4. 执行`withdrawAll`期间，智能合约首先将`token0`和`token1`代币转移到攻击者的地址。执行`token0.transfer(msg.sender, balances0[msg.sender])`和`token1.transfer(msg.sender, balances1[msg.sender])`。

5. 如果`nonReentrant`修饰符没有正确工作或其实现存在逻辑错误，代币转移将触发攻击者合约的`fallback`或`receive`函数，并可能再次调用`withdrawAll`。

6. 由于攻击者的余额（`balances0[msg.sender]`和`balances1[msg.sender]`）尚未被设置为零（这将在代币转移后发生），第二次调用`withdrawAll`将再次将相同数量的代币转给攻击者，从而重复提取资金。

7. 这可以重复进行，直到最终执行更新余额的语句为止，但届时，攻击者可能已经多次提取了超出其初始余额的资金。

### 结论：

为了修正这个漏洞，必须在转移代币之前更新用户的余额：

```solidity
balances0[msg.sender] = 0;
balances1[msg.sender] = 0;
token0.transfer(msg.sender, balances0[msg.sender]);
token1.transfer(msg.sender, balances1[msg.sender]);
```

这个更改确保了如果发生重入调用，它会发现余额已经是零，并且不允许进一步的提款，有效地防止了漏洞的利用。","","The establishment of the attack, as described in the vulnerability details, depends on the ability of the `msg.sender` to re-enter the `withdrawAll` function during the token transfer. This is contingent on the `msg.sender` having a `fallback` or `receive` function that is activated upon receiving tokens, and it making calls back to the `withdrawAll` function. This requires specific functionality coded into another contract that is not provided in the snippet shared.

Therefore, the vulnerability exploitation depends on the behavior of external contracts (such as `msg.sender` contract), where these contracts must contain code enabling re-entrancy upon receiving tokens.

The JSON result reflecting this observation would be:
```json
{'result':'need In-project other contract'}
```","{

    IERC20 token0;
    IERC20 token1;

    // LP balance
    mapping(address => uint) balances0;
    mapping(address => uint) balances1;

    constructor(address t0, address t1){
        token0 = IERC20(t0);
        token1 = IERC20(t1);
    }

    // ******** USERS SWAP ******** //

    function inGivenOut(
        uint256 balanceIn,
        uint256 balanceOut,
        uint256 amountOut
    ) internal pure returns (uint256) {
        /**********************************************************************************
        // Derived from Balancer                                                         //
        // aO = amountOut                                                                //
        // bO = balanceOut                                                               //
        // bI = balanceIn              /  /            bO             \        \         //
        // aI = amountIn    aI = bI * |  | --------------------------  |   - 1  |        //
        //                             \  \       ( bO - aO )         /        /         //
        //                                                                               //
        **********************************************************************************/

        // We split the operations in three steps for readeability
        // Division, minus one, and multiplication

        //      /            bO             \                     //
        //     | --------------------------  |                    //
        //      \       ( bO - aO )         /                     //
        uint division = balanceOut / (balanceOut - amountOut);

        //  1 - [...]
        uint256 factor = division - ONE;

        // aI = bI * [...]
        return mul(balanceIn,  factor);
    }

    // Swap the asset
    function swapInGivenOut(bool isToken0, uint amountOut) public invariantCheck(){
        IERC20 tokenIn = isToken0?token0:token1;
        IERC20 tokenOut = isToken0?token1:token0;

        uint balanceIn = tokenIn.balanceOf(address(this));
        uint balanceOut = tokenOut.balanceOf(address(this));

        // We take 2% fee
        amountOut = amountOut * 98 / 100;
        uint amountIn = inGivenOut(balanceIn, balanceOut, amountOut);

        tokenOut.transfer(msg.sender, amountOut);
        tokenIn.transferFrom(msg.sender, address(this), amountIn);
    }

    // Ensure that the k = xy invariant hold
    // This will be disabled for production to save gas
    modifier invariantCheck(){
        uint balanceInBefore = token0.balanceOf(address(this));
        uint balanceOutBefore = token1.balanceOf(address(this));

        uint k_before = balanceInBefore * balanceOutBefore;

        _;

        uint balanceInAfter = token0.balanceOf(address(this));
        uint balanceOutAfter = token1.balanceOf(address(this));

        require(k_before == balanceInAfter * balanceOutAfter);
    }

    // ******** LIQUIDITY PROVIDERS ******** //

    // User can deposit their token0
    function deposit(uint amount) external nonReentrant {
        token0.transferFrom(msg.sender, address(this), amount);
        balances0[msg.sender] += amount;
    }

    // User can withdraw their token0 and token1
    // We follow the check effect interaction pattern
    function withdraw(uint amount0, uint amount1) external {
        balances0[msg.sender] -= amount0;
        balances1[msg.sender] -= amount1;
        token0.transfer(msg.sender, amount0);
        token1.transfer(msg.sender, amount1);
    }

    // User can withdraw all their token0 and token1
    // nonReentrant to protect from reentrancies
    function withdrawAll() external nonReentrant {
        token0.transfer(msg.sender, balances0[msg.sender]);
        token1.transfer(msg.sender, balances1[msg.sender]);
        balances0[msg.sender] = 0;
        balances1[msg.sender] = 0;
    }
}","","","",114,119,./src/dataset/agent-v1-c4/tob/Tob.sol,/Users/xuxiangy/Desktop/trickPrompt-engine/src/dataset/agent-v1-c4/tob/Tob.sol,"","","function withdrawAll() external nonReentrant {
        token0.transfer(msg.sender, balances0[msg.sender]);
        token1.transfer(msg.sender, balances1[msg.sender]);
        balances0[msg.sender] = 0;
        balances1[msg.sender] = 0;
    }","{""(114,119)""}","",1
98407,977b20ad539b61d6591d6457af2cf776,tob,MyPool.deposit,"function deposit(uint amount) external nonReentrant {
        token0.transferFrom(msg.sender, address(this), amount);
        balances0[msg.sender] += amount;
    }",0.911772423172176,"","","","","```json
{
    ""result"": ""high possibility""
}
```
### Vulnerability Description

The exploitable vulnerability is present in the `swapInGivenOut` function of the given smart contract code. This function allows for an exchange from one token to another based on a specified amount of tokens that the user wants to receive (`amountOut`). The bug lies in how `amountOut` is adjusted by a fee calculation before calculating `amountIn` without checking if this adjusted `amountOut` is greater than `balanceOut` (the balance of tokens that the contract has for output).

### Step-by-step Exploitation

1. **Initial Setup:**
   - Assume `token1` (tokenOut) has a low balance in the contract, say `10 tokens`.
   - A user wants to swap to receive `9 tokens` of `token1` (`amountOut`). 

2. **Fee Calculation:**
   - Before calculating how much input (of `token0`) is needed, the function applies a 2% fee on `amountOut`. 
   - Calculation within the function: `amountOut = 9 * 98 / 100 = 8.82 tokens` (rounded to 8 tokens as Solidity handles integers).

3. **Input Calculation and Execution:**
   - Even though the fee-adjusted `amountOut` is now `8 tokens`, `inGivenOut` calculates how much `token0` needed based on the original tokenOut balance before fee adjustment (`10 tokens`).
   - Assume `inGivenOut` results in requiring `50 tokens` of `token0` for swapping `8 tokens` of `token1`.
   - The user provides `50 tokens` of `token0`.

4. **Swapping:**
   - The function proceeds to transfer `8 tokens` of `token1` to the user.
   - The contract now only has `2 tokens` of `token1` left (`10 - 8`).

5. **Repeating Exploitation:**
   - An attacker or any user can repeat this process until the contract's balance of `token1` approaches zero, but they still request an `amountOut` that is close to the existing balance.
   - The above steps can be repeated without errors as `amountOut < balanceOut` continues to hold due to fee reduction, which does not adequately reflect the potentially available tokens (`token1`) in the contract.

### Conclusion and Resolution

The code allows manipulation through fee adjustments, allowing users to repeatedly withdraw more tokens (`token1` in this scenario) from the available balance before it's adequately checked against a potentially depleted amount. For fixing this, the smart contract should include a verification check after the fee adjustment to ensure that the `new amountOut` does not exceed `balanceOut`:

```solidity
require(balanceOut >= amountOut, ""Insufficient tokenOut balance after fee adjustment."");
```

This check should ideally be placed right after the fee adjustment and before calling `inGivenOut` to ensure that the contract holds enough tokens to meet the post-fee outgoing request and avoid potentially draining token reserves unwittingly.","这个漏洞存在于智能合约代码的 `swapInGivenOut` 函数中。此函数允许用户根据他们希望接收的特定数量的代币（即`amountOut`）从一种代币兑换成另一种代币。问题在于，在计算所需的输入量（`amountIn`）前，先通过费用计算调整了 `amountOut` 的值，而没有检查调整后的 `amountOut` 是否大于 `balanceOut`（合约账户中用于输出的代币余额）。

详细的开发步骤如下：

1. **初始设置：**
   - 假设`token1`（输出代币，即`tokenOut`）在合约中的余额很低，比如只有`10个代币`。
   - 用户希望通过交换获得`9个代币`的`token1`（`amountOut`）。

2. **费用计算：**
   - 在计算需要多少输入（例如`token0`）之前，该函数对`amountOut`应用了2%的费率。
   - 函数内部的计算过程是：`amountOut = 9 * 98 / 100 = 8.82个代币`（由于Solidity处理整数，向下取整为8个代币）。

3. **输入计算和执行：**
   - 尽管经过费用调整后的`amountOut`现在是`8个代币`，`inGivenOut`函数根据费用调整前`tokenOut`的余额（10个代币）来计算所需的`token0`的数量。
   - 假设`inGivenOut`的结果是需要`50个代币`的`token0`来交换`8个代币`的`token1`。
   - 用户提供了`50个代币`的`token0`。

4. **交换过程：**
   - 函数继续将`8个代币`的`token1`转给用户。
   - 合约现在仅剩下`2个代币`的`token1`（`10 - 8`）。

5. **重复利用漏洞：**
   - 攻击者或任何用户可以重复这个过程，直到合约中`token1`的余额接近于零，同时他们仍然可以请求接近现有余额的`amountOut`。
   - 上述步骤可以不断重复而不会出现错误，因为`amountOut < balanceOut`将由于费用减少而继续保持，而这不足以反映合约中潜在可用的代币（此例中是`token1`）。

**结论和解决方法：**

由于费用调整的操作，代码允许用户通过不当方式操作，从而反复从合约中提取的代币（本案例中为`token1`）多于在调整前的余额。为了修复这个问题，智能合约应该在费用调整后立即加入一个验证检查，以确保调整后的`new amountOut`不会超过`balanceOut`：

```solidity
require(balanceOut >= amountOut, ""Insufficient tokenOut balance after fee adjustment."");
```

这个检查最好放在费用调整之后和调用`inGivenOut`之前，以确保合约有足够的代币来满足费用调整后的输出请求，并避免不知不觉中耗尽代币储备。","","The establishment of the vulnerability in the `swapInGivenOut` function described does not depend on the code of other unknown or unprovided contracts within the project. The bug exists due solely to how the function internally handles the balance checks, fee adjustments, and the calculation of input tokens needed for the swap, all without checking if the adjusted amount out (after deducting fees) is supported by the current balance of the outgoing token.

The vulnerability is also not significantly influenced by external calls or contract states outside the provided information about the balances and token transactions. The critical issue lies in the internal logic that governs the swapping mechanism and how it adjusts for fees without ensuring the resultant token amount is available for transfer.

Therefore, the appropriate JSON result indicating the dependency on other in-project contracts or external factors is:

```json
{
  ""result"": ""dont need In-project other contract""
}
```","{

    IERC20 token0;
    IERC20 token1;

    // LP balance
    mapping(address => uint) balances0;
    mapping(address => uint) balances1;

    constructor(address t0, address t1){
        token0 = IERC20(t0);
        token1 = IERC20(t1);
    }

    // ******** USERS SWAP ******** //

    function inGivenOut(
        uint256 balanceIn,
        uint256 balanceOut,
        uint256 amountOut
    ) internal pure returns (uint256) {
        /**********************************************************************************
        // Derived from Balancer                                                         //
        // aO = amountOut                                                                //
        // bO = balanceOut                                                               //
        // bI = balanceIn              /  /            bO             \        \         //
        // aI = amountIn    aI = bI * |  | --------------------------  |   - 1  |        //
        //                             \  \       ( bO - aO )         /        /         //
        //                                                                               //
        **********************************************************************************/

        // We split the operations in three steps for readeability
        // Division, minus one, and multiplication

        //      /            bO             \                     //
        //     | --------------------------  |                    //
        //      \       ( bO - aO )         /                     //
        uint division = balanceOut / (balanceOut - amountOut);

        //  1 - [...]
        uint256 factor = division - ONE;

        // aI = bI * [...]
        return mul(balanceIn,  factor);
    }

    // Swap the asset
    function swapInGivenOut(bool isToken0, uint amountOut) public invariantCheck(){
        IERC20 tokenIn = isToken0?token0:token1;
        IERC20 tokenOut = isToken0?token1:token0;

        uint balanceIn = tokenIn.balanceOf(address(this));
        uint balanceOut = tokenOut.balanceOf(address(this));

        // We take 2% fee
        amountOut = amountOut * 98 / 100;
        uint amountIn = inGivenOut(balanceIn, balanceOut, amountOut);

        tokenOut.transfer(msg.sender, amountOut);
        tokenIn.transferFrom(msg.sender, address(this), amountIn);
    }

    // Ensure that the k = xy invariant hold
    // This will be disabled for production to save gas
    modifier invariantCheck(){
        uint balanceInBefore = token0.balanceOf(address(this));
        uint balanceOutBefore = token1.balanceOf(address(this));

        uint k_before = balanceInBefore * balanceOutBefore;

        _;

        uint balanceInAfter = token0.balanceOf(address(this));
        uint balanceOutAfter = token1.balanceOf(address(this));

        require(k_before == balanceInAfter * balanceOutAfter);
    }

    // ******** LIQUIDITY PROVIDERS ******** //

    // User can deposit their token0
    function deposit(uint amount) external nonReentrant {
        token0.transferFrom(msg.sender, address(this), amount);
        balances0[msg.sender] += amount;
    }

    // User can withdraw their token0 and token1
    // We follow the check effect interaction pattern
    function withdraw(uint amount0, uint amount1) external {
        balances0[msg.sender] -= amount0;
        balances1[msg.sender] -= amount1;
        token0.transfer(msg.sender, amount0);
        token1.transfer(msg.sender, amount1);
    }

    // User can withdraw all their token0 and token1
    // nonReentrant to protect from reentrancies
    function withdrawAll() external nonReentrant {
        token0.transfer(msg.sender, balances0[msg.sender]);
        token1.transfer(msg.sender, balances1[msg.sender]);
        balances0[msg.sender] = 0;
        balances1[msg.sender] = 0;
    }
}","","","",98,101,./src/dataset/agent-v1-c4/tob/Tob.sol,/Users/xuxiangy/Desktop/trickPrompt-engine/src/dataset/agent-v1-c4/tob/Tob.sol,"","","function swapInGivenOut(bool isToken0, uint amountOut) public invariantCheck(){
        IERC20 tokenIn = isToken0?token0:token1;
        IERC20 tokenOut = isToken0?token1:token0;

        uint balanceIn = tokenIn.balanceOf(address(this));
        uint balanceOut = tokenOut.balanceOf(address(this));

        // We take 2% fee
        amountOut = amountOut * 98 / 100;
        uint amountIn = inGivenOut(balanceIn, balanceOut, amountOut);

        tokenOut.transfer(msg.sender, amountOut);
        tokenIn.transferFrom(msg.sender, address(this), amountIn);
    }
function withdraw(uint amount0, uint amount1) external {
        balances0[msg.sender] -= amount0;
        balances1[msg.sender] -= amount1;
        token0.transfer(msg.sender, amount0);
        token1.transfer(msg.sender, amount1);
    }
function deposit(uint amount) external nonReentrant {
        token0.transferFrom(msg.sender, address(this), amount);
        balances0[msg.sender] += amount;
    }","{""(64,77)"",""(105,110)"",""(98,101)""}","",1
98393,d132755fc6914112d6bb10d78663571e,tob,MyPool.swapInGivenOut,"function swapInGivenOut(bool isToken0, uint amountOut) public invariantCheck(){
        IERC20 tokenIn = isToken0?token0:token1;
        IERC20 tokenOut = isToken0?token1:token0;

        uint balanceIn = tokenIn.balanceOf(address(this));
        uint balanceOut = tokenOut.balanceOf(address(this));

        // We take 2% fee
        amountOut = amountOut * 98 / 100;
        uint amountIn = inGivenOut(balanceIn, balanceOut, amountOut);

        tokenOut.transfer(msg.sender, amountOut);
        tokenIn.transferFrom(msg.sender, address(this), amountIn);
    }",0.7832639373401146,"","","","","{
    ""result"": ""yes""
}
1. **Vulnerability Description:**
   The logical vulnerability is found in the `inGivenOut` function, specifically in how it calculates the `amountIn` required to receive a certain `amountOut`. It fails to account for scenarios where the `amountOut` requested is greater than or equal to `balanceOut`, leading to a division by zero error when computing `division = balanceOut / (balanceOut - amountOut)`.

2. **Step-by-step Exploitation:**
   a. **Setup:** An attacker understands the balances of `token0` and `token1` in the contract, where one of the tokens (say `token0`) has a balance that can be exactly requested as `amountOut`.

   b. **Action:** The attacker calls `swapInGivenOut` with `isToken0` set to false and `amountOut` equal to `balanceOut` of `token1`. The calculation inside `inGivenOut` will attempt to compute `division` using the formula `balanceOut / (balanceOut - amountOut)`. Since `amountOut = balanceOut`, this subtracts to zero, resulting in division by zero.

   c. **Result:** If unchecked, division by zero can either revert the transaction or produce undefined behavior, depending on environment and language specifics (in some environments, this could also lead to maximum uint256 as output). Resulting in the contract's state potentially corrupted or an exploitation scenario where inaccurate amounts of tokens are calculated and sent.

3. **Potential Impact:**
   If this transaction does not revert and produces an overflow or maximum uint calculation, it might lead to an incorrect, often very high `amountIn` calculation. This scenario effectively lets an attacker dictate terms of the swap maliciously, including possibly draining the contract of `tokenIn` by receiving more `tokenOut` than they pay for due to miscalculation of input tokens. This imbalance can disrupt the contract's economic invariant and can lead to financial losses for other users interacting with the contract post-exploitation.","1. **漏洞描述：**
   该漏洞出现在 `inGivenOut` 函数中，问题在于其计算所需的 `amountIn` 以获得特定的 `amountOut` 方式上。当请求的 `amountOut` 大于等于 `balanceOut` 时，没有进行处理，从而在计算 `division = balanceOut / (balanceOut - amountOut)` 时导致了除以零的错误。

2. **逐步利用过程：**
   a. **设置:** 攻击者了解合约中 `token0` 和 `token1` 的余额，其中一个代币（比如 `token0`）的余额正好可以作为 `amountOut` 请求。
   
   b. **操作:** 攻击者以 `isToken0` 设为 false 并将 `amountOut` 设置为 `token1` 的 `balanceOut` 来调用 `swapInGivenOut`。在 `inGivenOut` 中，将尝试使用公式 `balanceOut / (balanceOut - amountOut)` 来计算 `division`。由于 `amountOut = balanceOut`，这会减到0，导致除以0的情况发生。

   c. **结果:** 如果此问题未经检查，除以零可能会导致交易回滚或出现未定义行为，取决于环境和语言特性（在某些环境中，这也可能导致最大 uint256 输出）。这可能导致合约状态潜在的损坏或者出现攻击情景，其中由于输入代币的计算不准确而发送了错误数量的代币。

3. **潜在影响：**
   如果此交易没有回滚并产生溢出或最大值计算，则可能会导致错误计算非常高的 `amountIn`。这种情况实际上允许攻击者恶意地决定交换的条款，包括由于输入代币的计算错误可能导致从合约中抽取 `tokenIn`，因为支付的 `tokenOut` 数量少于收到的量。这种不平衡可能破坏合约的经济不变量，并可能导致其他与合约互动的用户在被利用后遭受经济损失。","","The establishment of the vulnerability does not depend on the code of other unknown or unprovided contracts within the project nor is affected by any external calls or contract states. The vulnerability exists purely due to the internal logic and mathematical calculations performed within the provided function `inGivenOut`. It purely relies on the input parameters (`balanceIn`, `balanceOut`, `amountOut`) provided directly to the function and the arithmetic operations performed therein.

Therefore, the answer is:
{'result':'dont need In-project other contract'}","{

    IERC20 token0;
    IERC20 token1;

    // LP balance
    mapping(address => uint) balances0;
    mapping(address => uint) balances1;

    constructor(address t0, address t1){
        token0 = IERC20(t0);
        token1 = IERC20(t1);
    }

    // ******** USERS SWAP ******** //

    function inGivenOut(
        uint256 balanceIn,
        uint256 balanceOut,
        uint256 amountOut
    ) internal pure returns (uint256) {
        /**********************************************************************************
        // Derived from Balancer                                                         //
        // aO = amountOut                                                                //
        // bO = balanceOut                                                               //
        // bI = balanceIn              /  /            bO             \        \         //
        // aI = amountIn    aI = bI * |  | --------------------------  |   - 1  |        //
        //                             \  \       ( bO - aO )         /        /         //
        //                                                                               //
        **********************************************************************************/

        // We split the operations in three steps for readeability
        // Division, minus one, and multiplication

        //      /            bO             \                     //
        //     | --------------------------  |                    //
        //      \       ( bO - aO )         /                     //
        uint division = balanceOut / (balanceOut - amountOut);

        //  1 - [...]
        uint256 factor = division - ONE;

        // aI = bI * [...]
        return mul(balanceIn,  factor);
    }

    // Swap the asset
    function swapInGivenOut(bool isToken0, uint amountOut) public invariantCheck(){
        IERC20 tokenIn = isToken0?token0:token1;
        IERC20 tokenOut = isToken0?token1:token0;

        uint balanceIn = tokenIn.balanceOf(address(this));
        uint balanceOut = tokenOut.balanceOf(address(this));

        // We take 2% fee
        amountOut = amountOut * 98 / 100;
        uint amountIn = inGivenOut(balanceIn, balanceOut, amountOut);

        tokenOut.transfer(msg.sender, amountOut);
        tokenIn.transferFrom(msg.sender, address(this), amountIn);
    }

    // Ensure that the k = xy invariant hold
    // This will be disabled for production to save gas
    modifier invariantCheck(){
        uint balanceInBefore = token0.balanceOf(address(this));
        uint balanceOutBefore = token1.balanceOf(address(this));

        uint k_before = balanceInBefore * balanceOutBefore;

        _;

        uint balanceInAfter = token0.balanceOf(address(this));
        uint balanceOutAfter = token1.balanceOf(address(this));

        require(k_before == balanceInAfter * balanceOutAfter);
    }

    // ******** LIQUIDITY PROVIDERS ******** //

    // User can deposit their token0
    function deposit(uint amount) external nonReentrant {
        token0.transferFrom(msg.sender, address(this), amount);
        balances0[msg.sender] += amount;
    }

    // User can withdraw their token0 and token1
    // We follow the check effect interaction pattern
    function withdraw(uint amount0, uint amount1) external {
        balances0[msg.sender] -= amount0;
        balances1[msg.sender] -= amount1;
        token0.transfer(msg.sender, amount0);
        token1.transfer(msg.sender, amount1);
    }

    // User can withdraw all their token0 and token1
    // nonReentrant to protect from reentrancies
    function withdrawAll() external nonReentrant {
        token0.transfer(msg.sender, balances0[msg.sender]);
        token1.transfer(msg.sender, balances1[msg.sender]);
        balances0[msg.sender] = 0;
        balances1[msg.sender] = 0;
    }
}","","","",64,77,./src/dataset/agent-v1-c4/tob/Tob.sol,/Users/xuxiangy/Desktop/trickPrompt-engine/src/dataset/agent-v1-c4/tob/Tob.sol,"","","function swapInGivenOut(bool isToken0, uint amountOut) public invariantCheck(){
        IERC20 tokenIn = isToken0?token0:token1;
        IERC20 tokenOut = isToken0?token1:token0;

        uint balanceIn = tokenIn.balanceOf(address(this));
        uint balanceOut = tokenOut.balanceOf(address(this));

        // We take 2% fee
        amountOut = amountOut * 98 / 100;
        uint amountIn = inGivenOut(balanceIn, balanceOut, amountOut);

        tokenOut.transfer(msg.sender, amountOut);
        tokenIn.transferFrom(msg.sender, address(this), amountIn);
    }
function inGivenOut(
        uint256 balanceIn,
        uint256 balanceOut,
        uint256 amountOut
    ) internal pure returns (uint256) {
        /**********************************************************************************
        // Derived from Balancer                                                         //
        // aO = amountOut                                                                //
        // bO = balanceOut                                                               //
        // bI = balanceIn              /  /            bO             \        \         //
        // aI = amountIn    aI = bI * |  | --------------------------  |   - 1  |        //
        //                             \  \       ( bO - aO )         /        /         //
        //                                                                               //
        **********************************************************************************/

        // We split the operations in three steps for readeability
        // Division, minus one, and multiplication

        //      /            bO             \                     //
        //     | --------------------------  |                    //
        //      \       ( bO - aO )         /                     //
        uint division = balanceOut / (balanceOut - amountOut);

        //  1 - [...]
        uint256 factor = division - ONE;

        // aI = bI * [...]
        return mul(balanceIn,  factor);
    }","{""(64,77)"",""(33,61)""}","function mul(uint256 a, uint256 b) internal pure returns (uint256) {
        uint256 product = a * b;
        return product / ONE;
    }",1
